scenario	key	sequencing_trend	bytes_per_base	price_factor	ratio_in_first_year_median	p_cross_by_2030	p_cross_by_2045	p_no_cross_by_2060	median_year_if_crossing	p05_year	p95_year	median_year_all_draws
SRA today (archive bytes/base), S3 Standard	current	both readings	0.3447	1.0	0.7752118511862647	0.7695	0.99	0.003	2022.8333333333326	2022.0	2036.1666666666538	2022.9166666666658
SRA today (archive bytes/base), S3 Standard	current	ngs_era	0.3447	1.0	1.2215401231309078	1.0	1.0	0.0	2022.0	2022.0	2022.7499999999993	2022.0
SRA today (archive bytes/base), S3 Standard	current	recent	0.3447	1.0	0.5221641756661615	0.522	0.978	0.0065	2029.8333333333262	2026.2499999999961	2039.3333333333176	2029.9166666666595
FASTQ.gz with qualities	fastq_gz	both readings	0.516	1.0	1.1605266537749372	0.9695	0.997	0.0025	2022.0	2022.0	2028.6083333333272	2022.0
FASTQ.gz with qualities	fastq_gz	ngs_era	0.516	1.0	1.8286999474783763	1.0	1.0	0.0	2022.0	2022.0	2022.0	2022.0
FASTQ.gz with qualities	fastq_gz	recent	0.516	1.0	0.7817030178004791	0.9375	0.995	0.0035	2024.9999999999973	2022.9166666666658	2030.6166666666588	2024.9999999999973
Spring (lossless)	spring	both readings	0.1001	1.0	0.22512772082628077	0.5205	0.7685	0.0525	2026.6666666666624	2024.0833333333314	2052.666666666639	2027.2083333333285
Spring (lossless)	spring	ngs_era	0.1001	1.0	0.35474502021285426	0.998	1.0	0.0	2025.1666666666638	2023.8333333333317	2027.0833333333287	2025.1666666666638
Spring (lossless)	spring	recent	0.1001	1.0	0.15164065227456303	0.0	0.5215	0.1075	2043.5833333333137	2036.0833333333205	2056.1499999999687	2044.7499999999793
Spring + 2-level qualities	spring_bin2	both readings	0.0606	1.0	0.1362629948607621	0.517	0.6405	0.107	2027.9166666666613	2025.4166666666636	2056.145833333302	2028.9583333333271
Spring + 2-level qualities	spring_bin2	ngs_era	0.0606	1.0	0.21471642269876434	0.992	1.0	0.0	2026.6666666666624	2025.1666666666638	2028.8333333333271	2026.6666666666624
Spring + 2-level qualities	spring_bin2	recent	0.0606	1.0	0.09178349670015072	0.0	0.2425	0.2295	2047.916666666643	2039.8333333333171	2057.9999999999673	2050.6666666666406
Spring + 2-level + tiering	spring_bin2_tiered	both readings	0.0606	0.1653	0.022524273050483982	0.029	0.5215	0.406	2032.333333333324	2030.083333333326	2056.9708333333015	2035.3333333333212
Spring + 2-level + tiering	spring_bin2_tiered	ngs_era	0.0606	0.1653	0.035492624672105746	0.054	1.0	0.0	2032.124999999991	2029.9999999999927	2035.1666666666547	2032.124999999991
Spring + 2-level + tiering	spring_bin2_tiered	recent	0.0606	0.1653	0.015171812004534916	0.0	0.0005	0.8455	2056.666666666635	2049.849999999975	2059.7499999999654	
