scenario	key	year	ratio_median	ratio_p05	ratio_p95
SRA today (archive bytes/base), S3 Standard	current	2022.0	0.7752118511862647	0.4625763344665683	1.6171459083576523
SRA today (archive bytes/base), S3 Standard	current	2023.0	1.0361657967716338	0.49005552135890773	2.3216986210806874
SRA today (archive bytes/base), S3 Standard	current	2024.0	1.3955999328634017	0.5199693119550259	3.3421653241278677
SRA today (archive bytes/base), S3 Standard	current	2025.0	1.8664337219256397	0.5474067561942586	4.839535707199904
SRA today (archive bytes/base), S3 Standard	current	2026.0	2.4795567637154035	0.5781480838480092	7.051346867254078
SRA today (archive bytes/base), S3 Standard	current	2027.0	3.2905267856606852	0.6098619530344781	10.204157618073175
SRA today (archive bytes/base), S3 Standard	current	2028.0	4.363871061962727	0.6429194871020832	14.795524707968406
SRA today (archive bytes/base), S3 Standard	current	2029.0	5.835448257632725	0.6766685181671028	21.35729954365572
SRA today (archive bytes/base), S3 Standard	current	2030.0	7.759655997843174	0.7138882033914292	30.88206631131071
SRA today (archive bytes/base), S3 Standard	current	2031.0	10.263609674750747	0.752619907204316	44.75799919985269
SRA today (archive bytes/base), S3 Standard	current	2032.0	13.697067507002934	0.7933537041427438	64.37993717989747
SRA today (archive bytes/base), S3 Standard	current	2033.0	18.14837239184206	0.8373238516069595	93.05664706742385
SRA today (archive bytes/base), S3 Standard	current	2034.0	23.88765193583215	0.8818691885631497	134.3669434425925
SRA today (archive bytes/base), S3 Standard	current	2035.0	31.706802414341965	0.928692504401471	194.11957696377024
SRA today (archive bytes/base), S3 Standard	current	2036.0	42.146372864319936	0.9805155116050515	281.3833696382835
SRA today (archive bytes/base), S3 Standard	current	2037.0	55.82275496471965	1.0352305356103881	409.1152518747595
SRA today (archive bytes/base), S3 Standard	current	2038.0	73.71178209904997	1.0925982595429027	593.8530181962304
SRA today (archive bytes/base), S3 Standard	current	2039.0	97.53821338548988	1.1494189219939737	857.5385839115453
SRA today (archive bytes/base), S3 Standard	current	2040.0	129.25228905778488	1.2092897787769403	1237.2489928308974
SRA today (archive bytes/base), S3 Standard	current	2041.0	171.4434294376621	1.2720817753164133	1781.8281547173085
SRA today (archive bytes/base), S3 Standard	current	2042.0	227.4068532912135	1.3402866090899561	2577.4095915803646
SRA today (archive bytes/base), S3 Standard	current	2043.0	301.63820873234715	1.4104668164476961	3718.1859645439317
SRA today (archive bytes/base), S3 Standard	current	2044.0	400.10065139724475	1.4875606877021477	5343.615775478135
SRA today (archive bytes/base), S3 Standard	current	2045.0	530.7038825152177	1.5667508014958236	7734.690585815386
SRA today (archive bytes/base), S3 Standard	current	2046.0	704.3622776519995	1.6459662494252703	11175.548385743974
SRA today (archive bytes/base), S3 Standard	current	2047.0	936.385426603732	1.7291870499119943	16128.222774145168
SRA today (archive bytes/base), S3 Standard	current	2048.0	1244.8429747822465	1.8181767752230167	23272.618065843908
SRA today (archive bytes/base), S3 Standard	current	2049.0	1654.9156748347982	1.9127434891024337	33581.80282645365
SRA today (archive bytes/base), S3 Standard	current	2050.0	2198.3030426896794	2.012311855229694	48457.701343189896
SRA today (archive bytes/base), S3 Standard	current	2051.0	2916.195998401273	2.1172017402468395	70040.79122878169
SRA today (archive bytes/base), S3 Standard	current	2052.0	3861.0121291479586	2.2254110935634395	101409.04116323366
SRA today (archive bytes/base), S3 Standard	current	2053.0	5116.022336600945	2.3404925206691947	147560.59411160662
SRA today (archive bytes/base), S3 Standard	current	2054.0	6779.782685202053	2.4636803090840553	214715.87492371246
SRA today (archive bytes/base), S3 Standard	current	2055.0	8984.625387415035	2.5934045772292187	312314.8958475814
SRA today (archive bytes/base), S3 Standard	current	2056.0	11885.313099415911	2.728932610468398	452145.0791555463
SRA today (archive bytes/base), S3 Standard	current	2057.0	15722.465548510412	2.8711238602545732	655304.1309007786
SRA today (archive bytes/base), S3 Standard	current	2058.0	20798.43869889876	3.0207432004563803	953695.0655767757
SRA today (archive bytes/base), S3 Standard	current	2059.0	27513.185429464742	3.1781594895709957	1378282.2343319678
SRA today (archive bytes/base), S3 Standard	current	2060.0	36410.636850554074	3.343800095521187	1991843.336603904
FASTQ.gz with qualities	fastq_gz	2022.0	1.1605266537749372	0.6924973666649672	2.420939420392326
FASTQ.gz with qualities	fastq_gz	2023.0	1.55118632802544	0.7336349328203644	3.475686198132256
FASTQ.gz with qualities	fastq_gz	2024.0	2.089275231817028	0.7784172091092441	5.003370283926158
FASTQ.gz with qualities	fastq_gz	2025.0	2.794134375634843	0.819492284654551	7.245000410541377
FASTQ.gz with qualities	fastq_gz	2026.0	3.7120068655248595	0.8655134207607817	10.556180187310526
FASTQ.gz with qualities	fastq_gz	2027.0	4.926065092885226	0.9129904948391883	15.27607824489915
FASTQ.gz with qualities	fastq_gz	2028.0	6.532909259959231	0.9624790950648193	22.14955918683098
FASTQ.gz with qualities	fastq_gz	2029.0	8.735925836716989	1.0130028970811316	31.972828247065024
FASTQ.gz with qualities	fastq_gz	2030.0	11.61655048983224	1.0687224228879755	46.23182814230452
FASTQ.gz with qualities	fastq_gz	2031.0	15.36508062056005	1.1267055078371904	67.00471743508699
FASTQ.gz with qualities	fastq_gz	2032.0	20.50511985350461	1.1876858153288294	96.37963216286663
FASTQ.gz with qualities	fastq_gz	2033.0	27.168921438876854	1.2535110836403895	139.30994355596383
FASTQ.gz with qualities	fastq_gz	2034.0	35.76087842982511	1.3201974362289584	201.15329637024647
FASTQ.gz with qualities	fastq_gz	2035.0	47.466494805918614	1.3902940246200424	290.6056489477495
FASTQ.gz with qualities	fastq_gz	2036.0	63.0949965407942	1.467875373571937	421.2434315787707
FASTQ.gz with qualities	fastq_gz	2037.0	83.56914941969636	1.549786200429087	612.4637459295302
FASTQ.gz with qualities	fastq_gz	2038.0	110.34981946198798	1.6356682371758249	889.0244066661263
FASTQ.gz with qualities	fastq_gz	2039.0	146.01904785412032	1.720731298529581	1283.7734378633002
FASTQ.gz with qualities	fastq_gz	2040.0	193.49643105100114	1.8103606365933003	1852.2168247805207
FASTQ.gz with qualities	fastq_gz	2041.0	256.6584465556412	1.9043630509220935	2667.4760748712974
FASTQ.gz with qualities	fastq_gz	2042.0	340.43818356451897	2.006468723570623	3858.4969052614315
FASTQ.gz with qualities	fastq_gz	2043.0	451.5658274510902	2.1115316184186272	5566.289923124903
FASTQ.gz with qualities	fastq_gz	2044.0	598.9684876833113	2.2269445759173734	7999.630714474925
FASTQ.gz with qualities	fastq_gz	2045.0	794.4873391425592	2.3454957018223737	11579.176156562715
FASTQ.gz with qualities	fastq_gz	2046.0	1054.4616879603914	2.464084754056502	16730.29347056653
FASTQ.gz with qualities	fastq_gz	2047.0	1401.8106716468897	2.588669997387778	24144.667523817476
FASTQ.gz with qualities	fastq_gz	2048.0	1863.5853538469178	2.7218915780144357	34840.14534505161
FASTQ.gz with qualities	fastq_gz	2049.0	2477.482442324341	2.8634621588163562	50273.45389815232
FASTQ.gz with qualities	fastq_gz	2050.0	3290.957523691066	3.012520435707616	72543.3362549629
FASTQ.gz with qualities	fastq_gz	2051.0	4365.675239094508	3.169545263291859	104854.18269612649
FASTQ.gz with qualities	fastq_gz	2052.0	5780.107050179625	3.331539482703618	151813.84936724207
FASTQ.gz with qualities	fastq_gz	2053.0	7658.913203981379	3.503821502523509	220904.778805088
FASTQ.gz with qualities	fastq_gz	2054.0	10149.636516700102	3.688239106119565	321439.2239440896
FASTQ.gz with qualities	fastq_gz	2055.0	13450.384201844183	3.8824421108769522	467549.3033903241
FASTQ.gz with qualities	fastq_gz	2056.0	17792.842845766034	4.085333610364582	676881.3130633001
FASTQ.gz with qualities	fastq_gz	2057.0	23537.230892669068	4.298200241670477	981019.4581976854
FASTQ.gz with qualities	fastq_gz	2058.0	31136.188681894353	4.522187055028283	1427723.9718172865
FASTQ.gz with qualities	fastq_gz	2059.0	41188.4634790937	4.75784624802991	2063349.8661289087
FASTQ.gz with qualities	fastq_gz	2060.0	54508.34437235011	5.005817609482226	2981878.1520632557
Spring (lossless)	spring	2022.0	0.22512772082628077	0.13433586667602665	0.46963210383715864
Spring (lossless)	spring	2023.0	0.3009108334300943	0.14231604229610417	0.674239845804198
Spring (lossless)	spring	2024.0	0.40529338088686695	0.15100324630088482	0.9705915368736383
Spring (lossless)	spring	2025.0	0.5420272784109836	0.15897129952069097	1.4054398703426598
Spring (lossless)	spring	2026.0	0.7200831127909467	0.16789882690468588	2.04776751871279
Spring (lossless)	spring	2027.0	0.9555952923578617	0.17710878812703706	2.9633689732601534
Spring (lossless)	spring	2028.0	1.2673030535537781	0.18670896037593745	4.296738692573884
Spring (lossless)	spring	2029.0	1.6946608391373665	0.1965099488826749	6.202330578292597
Spring (lossless)	spring	2030.0	2.2534661544675894	0.207318843111526	8.968399015614315
Spring (lossless)	spring	2031.0	2.980634325947648	0.21856683962985923	12.998080890002095
Spring (lossless)	spring	2032.0	3.9777379372317747	0.2303962600022593	18.696448592820808
Spring (lossless)	spring	2033.0	5.270432472142773	0.2431655424479116	27.024394467095224
Spring (lossless)	spring	2034.0	6.937165147792919	0.25610186452172906	39.02123488609611
Spring (lossless)	spring	2035.0	9.207908975213687	0.2696997298795402	56.37387749263773
Spring (lossless)	spring	2036.0	12.239643717416726	0.2847495455915329	81.71598071952704
Spring (lossless)	spring	2037.0	16.211374447153126	0.3006392261097387	118.81034077187273
Spring (lossless)	spring	2038.0	21.406490982573086	0.3172992719000025	172.4596654291887
Spring (lossless)	spring	2039.0	28.32587716421103	0.33380044666129416	249.0360623630558
Spring (lossless)	spring	2040.0	37.53589835169731	0.3511874222484713	359.30700159498093
Spring (lossless)	spring	2041.0	49.78854291363035	0.3694227201808125	517.457145116866
Spring (lossless)	spring	2042.0	66.04076873100621	0.3892299493314975	748.5003565159165
Spring (lossless)	spring	2043.0	87.59814796706306	0.4096108427677714	1079.7909378257364
Spring (lossless)	spring	2044.0	116.19242870492374	0.4319995194870842	1551.828753216133
Spring (lossless)	spring	2045.0	154.12065143416135	0.45499696180309507	2246.2159991704225
Spring (lossless)	spring	2046.0	204.5524380995328	0.4780017613547266	3245.468620244101
Spring (lossless)	spring	2047.0	271.9338160061115	0.5021697473191378	4683.764868359059
Spring (lossless)	spring	2048.0	361.51235468147854	0.5280130751856689	6758.554393623537
Spring (lossless)	spring	2049.0	480.60074606073783	0.5554760051307231	9752.42408896111
Spring (lossless)	spring	2050.0	638.4047830652855	0.5843914548859422	14072.503978337318
Spring (lossless)	spring	2051.0	846.8866382759335	0.6148523162820959	20340.405877536414
Spring (lossless)	spring	2052.0	1121.2687981841145	0.6462771778176538	29449.9965052415
Spring (lossless)	spring	2053.0	1485.7337985388647	0.6796977445364273	42852.77654783422
Spring (lossless)	spring	2054.0	1968.9031085907418	0.7154724634046044	62355.207125415305
Spring (lossless)	spring	2055.0	2609.2070610781766	0.7531454282576157	90698.7432850395
Spring (lossless)	spring	2056.0	3451.5899689662165	0.7925038529056847	131306.54671667123
Spring (lossless)	spring	2057.0	4565.929725260867	0.8337973289236495	190305.55997303996
Spring (lossless)	spring	2058.0	6040.032919856833	0.8772479817995321	276960.67358622194
Spring (lossless)	spring	2059.0	7990.049067139417	0.9229629309906134	400264.18274654925
Spring (lossless)	spring	2060.0	10573.940111280726	0.9710662875592565	578447.2333936327
Spring + 2-level qualities	spring_bin2	2022.0	0.1362629948607621	0.08130943378854912	0.284254096815523
Spring + 2-level qualities	spring_bin2	2023.0	0.18213221898547294	0.08613959253361853	0.4080969696070116
Spring + 2-level qualities	spring_bin2	2024.0	0.24531181532950108	0.0913976941583902	0.58746967772559
Spring + 2-level qualities	spring_bin2	2025.0	0.3280727046026521	0.09622051558151713	0.8506702112326265
Spring + 2-level qualities	spring_bin2	2026.0	0.43584451145076414	0.10162407767320339	1.2394516937064055
Spring + 2-level qualities	spring_bin2	2027.0	0.5783929048524671	0.10719858841805055	1.793637539134861
Spring + 2-level qualities	spring_bin2	2028.0	0.7670601773945009	0.11300928208568542	2.6006858694937085
Spring + 2-level qualities	spring_bin2	2029.0	1.0257269090033487	0.1189415237555351	3.7540829561668607
Spring + 2-level qualities	spring_bin2	2030.0	1.3639548514865645	0.12548382024994587	5.4283004531321914
Spring + 2-level qualities	spring_bin2	2031.0	1.8040877344990327	0.1322918920686723	7.867344914315705
Spring + 2-level qualities	spring_bin2	2032.0	2.40760436835195	0.1394518821467221	11.31639439677853
Spring + 2-level qualities	spring_bin2	2033.0	3.1900332408186842	0.1471807422883401	16.357047949801522
Spring + 2-level qualities	spring_bin2	2034.0	4.198856077841194	0.15501070646064194	23.618372314299183
Spring + 2-level qualities	spring_bin2	2035.0	5.573268581775817	0.16324108275800842	34.12140162422765
Spring + 2-level qualities	spring_bin2	2036.0	7.408285851438421	0.1723502806546154	49.46020960883461
Spring + 2-level qualities	spring_bin2	2037.0	9.812254238929974	0.18196782329594202	71.91230291224615
Spring + 2-level qualities	spring_bin2	2038.0	12.956701023043426	0.1920516447176963	104.38461517673296
Spring + 2-level qualities	spring_bin2	2039.0	17.144796030835522	0.20203930631459702	150.73399029392252
Spring + 2-level qualities	spring_bin2	2040.0	22.71934307076385	0.21256311633845415	217.4776519394197
Spring + 2-level qualities	spring_bin2	2041.0	30.135497939855938	0.22360039019935046	313.20114665103023
Spring + 2-level qualities	spring_bin2	2042.0	39.97247827662177	0.2355891064447763	453.04460889518566
Spring + 2-level qualities	spring_bin2	2043.0	53.02050739215218	0.24792504431760587	653.5647696854825
Spring + 2-level qualities	spring_bin2	2044.0	70.32775998161407	0.2614762326366006	939.2749708839407
Spring + 2-level qualities	spring_bin2	2045.0	93.28456512254995	0.2753958883441061	1359.5665519454342
Spring + 2-level qualities	spring_bin2	2046.0	123.80939903451991	0.2893199971636313	1964.3839163740208
Spring + 2-level qualities	spring_bin2	2047.0	164.5933074652376	0.30394814750947313	2834.9410985185264
Spring + 2-level qualities	spring_bin2	2048.0	218.8124854072336	0.31959033159652067	4090.7483948418194
Spring + 2-level qualities	spring_bin2	2049.0	290.89308393561396	0.3362128117967801	5902.847097801513
Spring + 2-level qualities	spring_bin2	2050.0	386.4070908488311	0.35371445827074954	8517.660687187934
Spring + 2-level qualities	spring_bin2	2051.0	512.594847118313	0.3721514956317831	12311.431979073303
Spring + 2-level qualities	spring_bin2	2052.0	678.6700630367636	0.391172013097174	17825.19144117202
Spring + 2-level qualities	spring_bin2	2053.0	899.2696954942405	0.41140047050050743	25937.488502416643
Spring + 2-level qualities	spring_bin2	2054.0	1191.7174534639516	0.43305382494032435	37741.719397713285
Spring + 2-level qualities	spring_bin2	2055.0	1579.2740540766636	0.4558561302153676	54897.20388393937
Spring + 2-level qualities	spring_bin2	2056.0	2089.142929517889	0.4796785932859458	79475.87811384934
Spring + 2-level qualities	spring_bin2	2057.0	2763.6190532391893	0.504672284377239	115186.19495371188
Spring + 2-level qualities	spring_bin2	2058.0	3655.8490962220367	0.5309716493234681	167635.91219685538
Spring + 2-level qualities	spring_bin2	2059.0	4836.134843709385	0.5586415242896483	242267.7939276379
Spring + 2-level qualities	spring_bin2	2060.0	6400.085879043168	0.5877570299450197	350116.6009314358
Spring + 2-level + tiering	spring_bin2_tiered	2022.0	0.022524273050483982	0.01344044940524717	0.04698720220360594
Spring + 2-level + tiering	spring_bin2_tiered	2023.0	0.030106455798298674	0.01423887464580714	0.06745842907603901
Spring + 2-level + tiering	spring_bin2_tiered	2024.0	0.04055004307396653	0.0151080388443819	0.09710873772804006
Spring + 2-level + tiering	spring_bin2_tiered	2025.0	0.054230418070818395	0.01590525122562478	0.14061578591675314
Spring + 2-level + tiering	spring_bin2_tiered	2026.0	0.07204509774281131	0.01679846003938052	0.20488136496966874
Spring + 2-level + tiering	spring_bin2_tiered	2027.0	0.0956083471721128	0.017719926665503757	0.2964882852189925
Spring + 2-level + tiering	spring_bin2_tiered	2028.0	0.126795047323311	0.0186804343287638	0.42989337422730994
Spring + 2-level + tiering	spring_bin2_tiered	2029.0	0.1695526580582536	0.019661033876789955	0.6205499126543821
Spring + 2-level + tiering	spring_bin2_tiered	2030.0	0.22546173695072913	0.020742475487316052	0.8972980649027511
Spring + 2-level + tiering	spring_bin2_tiered	2031.0	0.29821570251269014	0.021867849758951532	1.3004721143363862
Spring + 2-level + tiering	spring_bin2_tiered	2032.0	0.39797700208857734	0.02305139611885317	1.870599993787491
Spring + 2-level + tiering	spring_bin2_tiered	2033.0	0.5273124947073284	0.02432897670026262	2.703820026102191
Spring + 2-level + tiering	spring_bin2_tiered	2034.0	0.6940709096671493	0.025623269777944113	3.904116943553655
Spring + 2-level + tiering	spring_bin2_tiered	2035.0	0.9212612965675426	0.026983750979898788	5.6402676884848315
Spring + 2-level + tiering	spring_bin2_tiered	2036.0	1.2245896512427712	0.028489501392207926	8.17577264834036
Spring + 2-level + tiering	spring_bin2_tiered	2037.0	1.6219656256951245	0.030079281190819217	11.88710367139429
Spring + 2-level + tiering	spring_bin2_tiered	2038.0	2.141742679109078	0.03174613687183521	17.25477688871396
Spring + 2-level + tiering	spring_bin2_tiered	2039.0	2.8340347838971116	0.03339709733380288	24.916328595585398
Spring + 2-level + tiering	spring_bin2_tiered	2040.0	3.7555074095972643	0.035136683130746485	35.94905586558607
Spring + 2-level + tiering	spring_bin2_tiered	2041.0	4.981397809458185	0.036961144499952636	51.772149541415295
Spring + 2-level + tiering	spring_bin2_tiered	2042.0	6.607450659125577	0.038942879295321524	74.88827385037418
Spring + 2-level + tiering	spring_bin2_tiered	2043.0	8.764289871922756	0.04098200982570025	108.03425642901026
Spring + 2-level + tiering	spring_bin2_tiered	2044.0	11.625178724960803	0.04322202125483007	155.26215268711542
Spring + 2-level + tiering	spring_bin2_tiered	2045.0	15.419938614757505	0.04552294034328075	224.73635103658026
Spring + 2-level + tiering	spring_bin2_tiered	2046.0	20.465693660406142	0.04782459553114827	324.7126613766256
Spring + 2-level + tiering	spring_bin2_tiered	2047.0	27.207273724003773	0.0502426287833159	468.6157635851124
Spring + 2-level + tiering	spring_bin2_tiered	2048.0	36.16970383781572	0.05282828181290487	676.2007096673527
Spring + 2-level + tiering	spring_bin2_tiered	2049.0	48.08462677455699	0.05557597779000776	975.7406252665901
Spring + 2-level + tiering	spring_bin2_tiered	2050.0	63.873092117311785	0.058468999952154904	1407.9693115921655
Spring + 2-level + tiering	spring_bin2_tiered	2051.0	84.73192822865715	0.06151664222793375	2035.079706140817
Spring + 2-level + tiering	spring_bin2_tiered	2052.0	112.18416141997703	0.06466073376496285	2946.504145225735
Spring + 2-level + tiering	spring_bin2_tiered	2053.0	148.64928066519795	0.06800449777373388	4287.466849449472
Spring + 2-level + tiering	spring_bin2_tiered	2054.0	196.99089505759122	0.07158379726263563	6238.706216442007
Spring + 2-level + tiering	spring_bin2_tiered	2055.0	261.05400113887254	0.07535301832460026	9074.507802015178
Spring + 2-level + tiering	spring_bin2_tiered	2056.0	345.33532624930706	0.07929087147016683	13137.362652219295
Spring + 2-level + tiering	spring_bin2_tiered	2057.0	456.82622950043793	0.0834223286075576	19040.27802584858
Spring + 2-level + tiering	spring_bin2_tiered	2058.0	604.3118556055026	0.08776961363316928	27710.216286140196
Spring + 2-level + tiering	spring_bin2_tiered	2059.0	799.4130896651614	0.09234344396507888	40046.86633623854
Spring + 2-level + tiering	spring_bin2_tiered	2060.0	1057.9341958058355	0.09715623704991175	57874.27413396634
