key	accession	url	bytes	md5	sha256	retrieved_utc	note
illumina_sra	SRR25629153	https://sra-pub-run-odp.s3.amazonaws.com/sra/SRR25629153/SRR25629153	141267078	1497698954e5c38bd87ead45205edba2	6895fc0a70b931e150cb1b56ca78627a1fb94727da861f4cdc78bb4db1d6dcad	2026-10-01T09:38:12+00:00	E. coli K-12 MG1655 'ibuprofen_3', Illumina 2x251 (metadata says HiSeq 4000; flow cell ID HWFV2DRXY is NovaSeq), BioSample SAMN36977599, BioProject PRJNA1005239; SRA Normalized format (md5 from NCBI SRA run record); md5 verified against archive
illumina_lite_R1	SRR25629153	https://ftp.sra.ebi.ac.uk/vol1/fastq/SRR256/053/SRR25629153/SRR25629153_1.fastq.gz	74904766	1fcac7483fb51153f50d88d2f7bee2d1	81df3c7588ed8bfde6aab5bd1c53d6eb9a1d6fae695cdf75073679a035461e73	2026-10-01T09:28:00+00:00	E. coli K-12, Illumina HiSeq 4000 2x150, BioSample SAMN36977599, BioProject PRJNA1005239; downloaded 2026-10-01 before the workflow existed, verified by the workflow; md5 verified against archive
illumina_lite_R2	SRR25629153	https://ftp.sra.ebi.ac.uk/vol1/fastq/SRR256/053/SRR25629153/SRR25629153_2.fastq.gz	73151641	4a74bc72091bec72cd41159eb0681ccb	c8c03369ffe344fd5005a302776340f07066ad3b84e83c4ca1e52d509f94e3ec	2026-10-01T09:28:01+00:00	mate 2 of the run above; downloaded 2026-10-01 before the workflow existed, verified by the workflow; md5 verified against archive
ont	SRR25637822	https://ftp.sra.ebi.ac.uk/vol1/fastq/SRR256/022/SRR25637822/SRR25637822_1.fastq.gz	571419291	95b91d4734f39bde1f4bed9fc345c090	266e3608c3c8924e95a5ab753421923487f28ac5f66f763ff69eb5c291329530	2026-10-01T09:28:02+00:00	same BioSample SAMN36977599, Oxford Nanopore MinION; downloaded 2026-10-01 before the workflow existed, verified by the workflow; md5 verified against archive
ref_MG1655	NC_000913.3	https://eutils.ncbi.nlm.nih.gov/entrez/eutils/efetch.fcgi?db=nuccore&id=NC_000913.3&rettype=fasta&retmode=text	4708035	182c4c48740aa62f1b6ca3c03afd663a	6b195feda4c66140f6762742eb8b30c2652f02b45878b174f5b00ef85ecc95d7	2026-10-01T09:28:02+00:00	E. coli K-12 MG1655 complete genome (RefSeq); reference for the K-12 reads; downloaded 2026-10-01 before the workflow existed, verified by the workflow
ref_REL606	NC_012967.1	https://eutils.ncbi.nlm.nih.gov/entrez/eutils/efetch.fcgi?db=nuccore&id=NC_012967.1&rettype=fasta&retmode=text	4696017	c3c140bd136b729161459b8303200523	8c5a838b7b0d50614868d9ddc4f0789201018717df610eddf9d59461a87b91b9	2026-10-01T09:28:02+00:00	E. coli B REL606 complete genome; divergent reference that gives ~26k known differences; downloaded 2026-10-01 before the workflow existed, verified by the workflow
pod5	ont-open-data plasmid_2025.04 FBC24981_rep2 file 17	https://ont-open-data.s3.amazonaws.com/plasmid_2025.04/raw/FBC24981_rep2/pod5/FBC24981_f1e239a2_ce156b78_17.pod5	2063741552	e19d9f1757ccccf91233f2380d4356e3	d9530264e6748d180d59052c59b1d4042c972fa8583010e8ada5bf6188e6eaae	2026-10-01T09:28:06+00:00	raw Nanopore signal (POD5), R10.4.1, rapid barcoding SQK-RBK114-96, plasmids with known sequence; downloaded 2026-10-01 before the workflow existed, verified by the workflow
aws_s3_prices	AWS Price List API, AmazonS3 us-east-1	https://pricing.us-east-1.amazonaws.com/offers/v1.0/aws/AmazonS3/current/us-east-1/index.csv	159615	dabe0d29179bd009ad1bdf28e5aee531	7e3da65e557608480220df8f90821290e01d4f0a495afa86540a088dd6d9760a	2026-10-01T09:37:40+00:00	public cloud storage prices used by the tiering cost model
sra_stats	NCBI SRA database growth statistics (daily, bases and bytes)	https://trace.ncbi.nlm.nih.gov/Traces/sra/sra_stat.cgi	442957	45e6965ec5f8d2ac4b66a5a837054a08	6b9eac370e51cc345eb36e3bc1ea0871876a9a7f93b0efce707ef0d658343580	2026-10-01T12:06:28+00:00	the series published behind https://www.ncbi.nlm.nih.gov/sra/docs/sragrowth/
nhgri_costs	NHGRI DNA Sequencing Costs: Data (May 2022 table)	https://www.genome.gov/sites/default/files/media/files/2023-05/Sequencing_Cost_Data_Table_May2022.xls	86016	26917b399e620fdf293fd9232accba65	b65205dd4df72f9032b1ca3cd94cc329d8d1f5ee5eb9994a2a51d4e9aa6a5fbd	2026-10-01T12:06:14+00:00	cost per raw megabase and per human-sized genome, NHGRI-funded centres, 2001-2022
owid_storage	Our World in Data: historical cost of computer memory and storage (constant 2020 USD per TB)	https://ourworldindata.org/grapher/historical-cost-of-computer-memory-and-storage.csv?v=1&csvType=full&useColumnShortNames=true	2700	5e884ad076ab63391bc8ddf50cb72afd	07585ffc85d30e27070352d06355da6f1f6644253fde869bcbaf31d02c60d43d	2026-10-01T12:06:13+00:00	disk-drive and SSD price per TB by year, compiled by OWID from J. McCallum's price records
plasmid_refs	ont-open-data plasmid_2025.04 references	https://ont-open-data.s3.amazonaws.com/plasmid_2025.04/analysis/inputs/references/full_reference/ (96 objects)	517696	bd73dcf1841ffa51eff9a7e894ced9ae	16acb759c70d447b7fd947e7253d915d9dea2960786dc6d4ac976a4fd3114711	2026-10-01T09:38:15+00:00	one full plasmid sequence per barcode
