series	model	n_points	first	last	params	rmse_log10	aic	doubling_years_at_last_point	projected_2045	projected_2045_over_last_observed
GenBank traditional (bases)	exponential	86	2012.08	2026.58	9.30954;0.127029	0.1645382958422752	-306.39325271645095	2.3697788141726743	1061291941637250.6	128.8463699159586
GenBank traditional (bases)	linear	86	2012.08	2026.58	-5.93211;0.380935	2.6016276323564376	168.4556089966048	7.630101415889135	11209954808588.244	1.360946905693384
GenBank traditional (bases)	logistic	86	2012.08	2026.58	18.9156;0.292494;2075.62	0.16453832193349027	-304.3932254420185	2.3697800491880896	1061155831422946.2	128.82984542695272
GenBank WGS (bases)	exponential	86	2012.08	2026.58	9.48709;0.163944	0.06096931155606001	-477.1501564710428	1.836172271796477	7.321247603034883e+16	1440.3479787838594
GenBank WGS (bases)	linear	86	2012.08	2026.58	-44.668;2.92651	2.7611253514654845	178.68979321847075	7.844482810291579	87024959904361.33	1.7120883201659969
GenBank WGS (bases)	logistic	86	2012.08	2026.58	13.9354;0.422199;2025.9	0.03491336993462839	-571.0402940377887	3.8270601771509427	86143022230113.72	1.6947374912445805
SRA (bases)	exponential	122	2014.08	2024.15	12.9011;0.176483	0.09921819062782002	-559.7458736100274	1.7057163909790907	6.963098834211998e+20	7636.0625469743745
SRA (bases)	linear	122	2014.08	2024.15	-144297;9273.81	3.620134769330629	317.908746034939	5.9546052604848185	2.7302434870705728e+17	2.994113760572477
SRA (bases)	logistic	122	2014.08	2024.15	17.0015;0.580876;2021.09	0.030693577544214215	-844.0232506164332	8.23597794399398	1.0034288402133982e+17	1.1004073858122376
SRA (bytes on disk)	exponential	122	2014.08	2024.15	13.2329;0.140655	0.06908530220963831	-648.0688388613852	2.14020642455865	3.6505441260989346e+19	1161.4459755986386
SRA (bytes on disk)	linear	122	2014.08	2024.15	-45924.1;3041.72	3.006474562719699	272.5874287707782	6.274517396317094	9.095316595439738e+16	2.8937381638659043
SRA (bytes on disk)	logistic	122	2014.08	2024.15	16.5658;0.470008;2021.22	0.01814067950640382	-972.3420037412645	7.313988162183894	3.679943998259787e+16	1.1707997491800104
