series	model	train_until	forecast_over_actual_at_end	mean_abs_log10_error
GenBank traditional (bases)	exponential	2021.58	0.16420660197464151	0.5206017088932821
GenBank traditional (bases)	linear	2021.58	0.10406331945181815	0.6158982424200874
GenBank traditional (bases)	logistic	2021.58	0.16420651922459575	0.5206016973980353
GenBank WGS (bases)	exponential	2021.58	1.9446256640273298	0.1353758299770906
GenBank WGS (bases)	linear	2021.58	0.2858936373513405	0.3585678599833281
GenBank WGS (bases)	logistic	2021.58	1.9446122118998617	0.1353746327902674
SRA (bases)	exponential	2019.15	4.257893539118994	0.2786641588979315
SRA (bases)	linear	2019.15	0.4551568919342971	0.2503634518351421
SRA (bases)	logistic	2019.15	4.257825924233393	0.27866175224962747
SRA (bytes on disk)	exponential	2019.15	2.9224459305712833	0.2225542999312213
SRA (bytes on disk)	linear	2019.15	0.5569463591669539	0.16822860803058892
SRA (bytes on disk)	logistic	2019.15	1.4475982100372038	0.1021477434438551
