series	model	year	value	p05	p95
GenBank traditional (bases)	exponential	2027	5486782028581.092	4769328803340.866	6282875099854.045
GenBank traditional (bases)	exponential	2028	7351000267328.769	6293025440218.331	8493758171476.265
GenBank traditional (bases)	exponential	2029	9848615208109.863	8281607428816.931	11500299467138.105
GenBank traditional (bases)	exponential	2030	13194833082581.148	10908915504544.48	15690402516998.656
GenBank traditional (bases)	exponential	2031	17677979736055.953	14367056658845.664	21336573339178.582
GenBank traditional (bases)	exponential	2032	23684344136263.38	18971787379232.004	29118724577338.04
GenBank traditional (bases)	exponential	2033	31731462844752.734	25060967666041.58	39733026519520.64
GenBank traditional (bases)	exponential	2034	42512713397297.445	33054127586301.35	54198403228073.31
GenBank traditional (bases)	exponential	2035	56957058968355.21	43551024844740.24	73534713531692.61
GenBank traditional (bases)	exponential	2036	76309092200426.55	57381389361286.21	99393330385474.62
GenBank traditional (bases)	exponential	2037	102236275150520.75	75651208866094.16	135371840573127.94
GenBank traditional (bases)	exponential	2038	136972615651096.0	99777910314956.55	184441664732379.06
GenBank traditional (bases)	exponential	2039	183511159915406.53	131599105104075.75	251393671489125.22
GenBank traditional (bases)	exponential	2040	245861887454059.44	173568722871895.2	342649141431690.7
GenBank traditional (bases)	exponential	2041	329397229739804.06	228923301078342.38	467030189854859.06
GenBank traditional (bases)	exponential	2042	441314984131205.06	301931574476609.4	636561344716945.6
GenBank traditional (bases)	exponential	2043	591258509892657.1	398223663718383.0	866864522010844.8
GenBank traditional (bases)	exponential	2044	792147645312113.2	525225248867033.5	1179672908502092.8
GenBank traditional (bases)	exponential	2045	1061291941637250.6	692730209630437.1	1605358318074521.5
GenBank traditional (bases)	linear	2027	4353127403430.504	3347515087730.1206	4207431022737.9585
GenBank traditional (bases)	linear	2028	4734062259272.596	3583466480849.0425	4536203870805.316
GenBank traditional (bases)	linear	2029	5114997115114.69	3818959416144.7397	4854905765689.378
GenBank traditional (bases)	linear	2030	5495931970956.8	4055687031122.2153	5178840216415.193
GenBank traditional (bases)	linear	2031	5876866826798.891	4295669416097.1533	5501324266380.553
GenBank traditional (bases)	linear	2032	6257801682640.983	4533876842853.367	5823805879325.736
GenBank traditional (bases)	linear	2033	6638736538483.087	4772084091136.254	6146285428091.234
GenBank traditional (bases)	linear	2034	7019671394325.186	5010291186162.136	6455781560573.588
GenBank traditional (bases)	linear	2035	7400606250167.263	5248498148610.653	6771357560897.581
GenBank traditional (bases)	linear	2036	7781541106009.367	5486704995600.901	7096418687971.628
GenBank traditional (bases)	linear	2037	8162475961851.487	5725286777914.985	7421479760187.1875
GenBank traditional (bases)	linear	2038	8543410817693.576	5963905823236.244	7746540784416.72
GenBank traditional (bases)	linear	2039	8924345673535.678	6202524709029.347	8071601766430.862
GenBank traditional (bases)	linear	2040	9305280529377.777	6437674476631.197	8396662711110.509
GenBank traditional (bases)	linear	2041	9686215385219.871	6671356900576.463	8721723622612.133
GenBank traditional (bases)	linear	2042	10067150241061.951	6908951825515.632	9046784504497.314
GenBank traditional (bases)	linear	2043	10448085096904.043	7150465679873.765	9371845359835.379
GenBank traditional (bases)	linear	2044	10829019952746.172	7391979078792.646	9696906191285.785
GenBank traditional (bases)	linear	2045	11209954808588.244	7628173042614.903	10021967001164.16
GenBank traditional (bases)	logistic	2027	5486779833369.412	4086315310704.565	6192033152061.615
GenBank traditional (bases)	logistic	2028	7350995808689.5625	4774855755146.556	8382224618958.713
GenBank traditional (bases)	logistic	2029	9848606443792.15	5426996697017.656	11373006174202.818
GenBank traditional (bases)	logistic	2030	13194816241585.299	6029132256733.289	15408204874886.682
GenBank traditional (bases)	logistic	2031	17677947900871.324	6545803319807.274	20874339823284.977
GenBank traditional (bases)	logistic	2032	23684284680645.266	6993907628490.564	28007677496366.008
GenBank traditional (bases)	logistic	2033	31731352810436.074	7347415809194.167	37815464233180.016
GenBank traditional (bases)	logistic	2034	42512511161770.81	7625927181686.467	51339801529250.95
GenBank traditional (bases)	logistic	2035	56956689242232.25	7840676797402.028	69761529981799.93
GenBank traditional (bases)	logistic	2036	76308419033772.25	8005469883213.897	94789255378235.86
GenBank traditional (bases)	logistic	2037	102235053391061.53	8129081066671.828	128659945129821.95
GenBank traditional (bases)	logistic	2038	136970403690620.55	8220907842158.529	174197331600492.53
GenBank traditional (bases)	logistic	2039	183507162904017.16	8303295145076.742	235814070410090.78
GenBank traditional (bases)	logistic	2040	245854675645081.16	8365685292753.205	319224954879451.25
GenBank traditional (bases)	logistic	2041	329384232617615.4	8403612228576.187	432138010859527.0
GenBank traditional (bases)	logistic	2042	441291581974950.2	8424138706011.442	584986834719280.0
GenBank traditional (bases)	logistic	2043	591216402632826.2	8438876994167.799	791893894224386.0
GenBank traditional (bases)	logistic	2044	792071924043398.9	8449446787340.513	1072376470778394.8
GenBank traditional (bases)	logistic	2045	1061155831422946.2	8457020673367.17	1452142855027465.8
GenBank WGS (bases)	exponential	2027	81957276767013.88	77861878175421.52	86389272023011.69
GenBank WGS (bases)	exponential	2028	119545113642461.5	112958554689362.48	126823457703044.66
GenBank WGS (bases)	exponential	2029	174371755133046.16	163677313609506.44	186214673226976.97
GenBank WGS (bases)	exponential	2030	254343386038483.84	237222765078814.6	273656957338239.94
GenBank WGS (bases)	exponential	2031	370992182605275.7	344161886975586.3	401328958789015.4
GenBank WGS (bases)	exponential	2032	541139290853826.75	499658283138534.8	589023994665694.1
GenBank WGS (bases)	exponential	2033	789320492009787.9	725801620976365.4	864265068497116.1
GenBank WGS (bases)	exponential	2034	1151324344095477.0	1053314409372262.9	1269445257879897.0
GenBank WGS (bases)	exponential	2035	1679353011514679.2	1528731880254282.8	1864461680267111.2
GenBank WGS (bases)	exponential	2036	2449549991491829.0	2219171272264848.5	2737347582602796.5
GenBank WGS (bases)	exponential	2037	3572980260657480.5	3221442032612291.0	4018786609112880.5
GenBank WGS (bases)	exponential	2038	5211646215586341.0	4672183857111464.0	5900016160222074.0
GenBank WGS (bases)	exponential	2039	7601848959399895.0	6775676162871069.0	8660403015374594.0
GenBank WGS (bases)	exponential	2040	1.1088263709977818e+16	9826194530898132.0	1.2710386212928092e+16
GenBank WGS (bases)	exponential	2041	1.6173643117439412e+16	1.4250105323531124e+16	1.865431867258278e+16
GenBank WGS (bases)	exponential	2042	2.3591315875262172e+16	2.0665731895821936e+16	2.7377893897852124e+16
GenBank WGS (bases)	exponential	2043	3.4410935166875944e+16	2.9969776720510692e+16	4.018099440874781e+16
GenBank WGS (bases)	exponential	2044	5.019272622688243e+16	4.3462652143418504e+16	5.897138463972566e+16
GenBank WGS (bases)	exponential	2045	7.321247603034883e+16	6.303023706035947e+16	8.65489831075293e+16
GenBank WGS (bases)	linear	2027	34347780537426.297	28691813442683.52	32503389847252.01
GenBank WGS (bases)	linear	2028	37274290502256.1	30892478457553.973	35026330246850.824
GenBank WGS (bases)	linear	2029	40200800467085.69	33057417601907.777	37548631642059.016
GenBank WGS (bases)	linear	2030	43127310431915.46	35262920330998.43	40069581486769.23
GenBank WGS (bases)	linear	2031	46053820396745.234	37462660537994.74	42590531023533.23
GenBank WGS (bases)	linear	2032	48980330361574.99	39584987671718.0	45111480303801.625
GenBank WGS (bases)	linear	2033	51906840326404.75	41684342191603.125	47632429368168.375
GenBank WGS (bases)	linear	2034	54833350291234.32	43790879228904.234	50153378249090.86
GenBank WGS (bases)	linear	2035	57759860256064.15	45924272011449.81	52666416375353.02
GenBank WGS (bases)	linear	2036	60686370220893.99	48098884261193.64	55175959965970.945
GenBank WGS (bases)	linear	2037	63612880185723.67	50273494735335.19	57715840553434.305
GenBank WGS (bases)	linear	2038	66539390150553.266	52448103652365.25	60265400844401.51
GenBank WGS (bases)	linear	2039	69465900115383.14	54588864496560.33	62827734236739.54
GenBank WGS (bases)	linear	2040	72392410080212.67	56708008768413.73	65384307896228.414
GenBank WGS (bases)	linear	2041	75318920045042.6	58828193048126.93	67940881382346.33
GenBank WGS (bases)	linear	2042	78245430009872.42	60949133816856.555	70497454714018.81
GenBank WGS (bases)	linear	2043	81171939974702.02	63075840657674.2	73054027907512.9
GenBank WGS (bases)	linear	2044	84098449939531.81	65241730939542.14	75610600976888.78
GenBank WGS (bases)	linear	2045	87024959904361.33	67407619534117.03	78165474984064.58
GenBank WGS (bases)	logistic	2027	52887619836907.51	50431762411009.59	55882274213222.9
GenBank WGS (bases)	logistic	2028	61002157069154.42	57409412031732.984	65408720156838.99
GenBank WGS (bases)	logistic	2029	67824568538189.43	63146334285117.37	73965787824184.84
GenBank WGS (bases)	logistic	2030	73191079267996.66	67513558466362.09	80992185997140.02
GenBank WGS (bases)	logistic	2031	77195484243832.12	70747048917970.55	86198690753429.16
GenBank WGS (bases)	logistic	2032	80067434328729.97	72960243697193.67	89983967064010.9
GenBank WGS (bases)	logistic	2033	82069167347778.08	74484213751006.5	92740601264803.08
GenBank WGS (bases)	logistic	2034	83436734540482.05	75512080872649.16	94651261579183.6
GenBank WGS (bases)	logistic	2035	84358324481623.83	76177801728882.31	95953886085544.94
GenBank WGS (bases)	logistic	2036	84973651296754.72	76617166681009.97	96872296668914.11
GenBank WGS (bases)	logistic	2037	85381956706243.31	76905689265904.7	97512802933184.95
GenBank WGS (bases)	logistic	2038	85651779340054.61	77094532975006.92	97902638931863.36
GenBank WGS (bases)	logistic	2039	85829603396839.89	77221833661541.77	98159936893297.61
GenBank WGS (bases)	logistic	2040	85946586703283.97	77313093684165.84	98330085631263.75
GenBank WGS (bases)	logistic	2041	86023454564929.77	77372947385069.55	98442436844708.03
GenBank WGS (bases)	logistic	2042	86073924053382.39	77412176583756.64	98516551164184.0
GenBank WGS (bases)	logistic	2043	86107044168616.94	77437876798246.61	98565410385289.64
GenBank WGS (bases)	logistic	2044	86128771661893.94	77454708930534.36	98597606734952.34
GenBank WGS (bases)	logistic	2045	86143022230113.72	77465730920087.7	98618816971892.28
SRA (bases)	exponential	2025	2.0565627968841174e+17	1.8969914952618003e+17	2.2287987653404832e+17
SRA (bases)	exponential	2026	3.087628239889351e+17	2.8124512021339814e+17	3.384753426936433e+17
SRA (bases)	exponential	2027	4.6356221955421664e+17	4.1787583631047514e+17	5.1365179634047674e+17
SRA (bases)	exponential	2028	6.95970870527246e+17	6.210325083595717e+17	7.796652166337375e+17
SRA (bases)	exponential	2029	1.0448984671103156e+18	9.218147996690291e+17	1.1853870756008755e+18
SRA (bases)	exponential	2030	1.5687622180829993e+18	1.3707330150628585e+18	1.8014030021470602e+18
SRA (bases)	exponential	2031	2.3552670181349683e+18	2.036858219921012e+18	2.7362593330556027e+18
SRA (bases)	exponential	2032	3.536088938636647e+18	3.0267239730861706e+18	4.1615760255609994e+18
SRA (bases)	exponential	2033	5.308920341375836e+18	4.494656584874659e+18	6.335871777993299e+18
SRA (bases)	exponential	2034	7.97056739244264e+18	6.673272445945502e+18	9.625353586735462e+18
SRA (bases)	exponential	2035	1.1966641138376116e+19	9.910567007250264e+18	1.4614108177420743e+19
SRA (bases)	exponential	2036	1.7966161389018708e+19	1.4719045561997021e+19	2.222635802575777e+19
SRA (bases)	exponential	2037	2.6973563535813624e+19	2.186298805900257e+19	3.3803704276147982e+19
SRA (bases)	exponential	2038	4.049686040699135e+19	3.2474269126676234e+19	5.14105812743549e+19
SRA (bases)	exponential	2039	6.080011269722981e+19	4.8262131155613155e+19	7.817907572825314e+19
SRA (bases)	exponential	2040	9.128247639062972e+19	7.178337018259104e+19	1.1877859396456928e+20
SRA (bases)	exponential	2041	1.370472870255977e+20	1.0676802104234459e+20	1.8046202583975287e+20
SRA (bases)	exponential	2042	2.0575645648242462e+20	1.5880294124255442e+20	2.741785508919414e+20
SRA (bases)	exponential	2043	3.0891322479295844e+20	2.360745605289071e+20	4.165610182115149e+20
SRA (bases)	exponential	2044	4.6378802436334184e+20	3.507862503900619e+20	6.328778321505186e+20
SRA (bases)	exponential	2045	6.963098834211998e+20	5.2123783768582187e+20	9.615262420550502e+20
SRA (bases)	linear	2025	8.754824196271442e+16	8.160991717854808e+16	8.50768428329995e+16
SRA (bases)	linear	2026	9.682204729993118e+16	8.978852423293827e+16	9.368513469951648e+16
SRA (bases)	linear	2027	1.0609585263714867e+17	9.796223886179782e+16	1.0233723279842506e+17
SRA (bases)	linear	2028	1.1536965797436547e+17	1.0618374786236738e+17	1.110421642274202e+17
SRA (bases)	linear	2029	1.2464346331158245e+17	1.1439391621712451e+17	1.1967885433785534e+17
SRA (bases)	linear	2030	1.3391726864879923e+17	1.225781153439412e+17	1.2835333892609192e+17
SRA (bases)	linear	2031	1.431910739860163e+17	1.308114915173067e+17	1.370278224388915e+17
SRA (bases)	linear	2032	1.524648793232337e+17	1.3905578057183986e+17	1.45702305068964e+17
SRA (bases)	linear	2033	1.61738684660451e+17	1.472923900011831e+17	1.5437678696557146e+17
SRA (bases)	linear	2034	1.7101248999766858e+17	1.5549158582975296e+17	1.6305000169136522e+17
SRA (bases)	linear	2035	1.8028629533488512e+17	1.636913976492923e+17	1.717221956561462e+17
SRA (bases)	linear	2036	1.8956010067210256e+17	1.7189120939659443e+17	1.8041091273005094e+17
SRA (bases)	linear	2037	1.988339060093191e+17	1.8009102108153254e+17	1.891087240259374e+17
SRA (bases)	linear	2038	2.081077113465363e+17	1.8829083271226774e+17	1.9780653514174717e+17
SRA (bases)	linear	2039	2.1738151668375325e+17	1.9649924695626445e+17	2.0650434610019622e+17
SRA (bases)	linear	2040	2.2665532202097142e+17	2.0470475903205434e+17	2.1520215692033565e+17
SRA (bases)	linear	2041	2.359291273581871e+17	2.1291151051383872e+17	2.2389996761825376e+17
SRA (bases)	linear	2042	2.4520293269540413e+17	2.2112285561254227e+17	2.3259777820764662e+17
SRA (bases)	linear	2043	2.5447673803262122e+17	2.2933420066123066e+17	2.4129558870023062e+17
SRA (bases)	linear	2044	2.6375054336984086e+17	2.3754554566508515e+17	2.49993399106098e+17
SRA (bases)	linear	2045	2.7302434870705728e+17	2.457569549327158e+17	2.5869120943398054e+17
SRA (bases)	logistic	2025	9.09372899190867e+16	8.803596397148235e+16	9.354344881888547e+16
SRA (bases)	logistic	2026	9.485469670412091e+16	9.150005019444238e+16	9.779206328129938e+16
SRA (bases)	logistic	2027	9.719697422660342e+16	9.360157792318013e+16	1.0052103870337205e+17
SRA (bases)	logistic	2028	9.855842583997704e+16	9.477063075353222e+16	1.0206135699949544e+17
SRA (bases)	logistic	2029	9.933680029379746e+16	9.543430809879602e+16	1.029823118856316e+17
SRA (bases)	logistic	2030	9.977761581669968e+16	9.580789013548131e+16	1.035095883308445e+17
SRA (bases)	logistic	2031	1.0002592239130507e+17	9.601681150772157e+16	1.0380963870017573e+17
SRA (bases)	logistic	2032	1.0016536696680624e+17	9.612918077574906e+16	1.0397979313601376e+17
SRA (bases)	logistic	2033	1.0024354314040163e+17	9.619152725404075e+16	1.0407609558321694e+17
SRA (bases)	logistic	2034	1.0028732879315552e+17	9.622609133156976e+16	1.0413053923216662e+17
SRA (bases)	logistic	2035	1.0031183954066283e+17	9.624524462589523e+16	1.0416129902125845e+17
SRA (bases)	logistic	2036	1.003255562839382e+17	9.625585558070229e+16	1.041786716197847e+17
SRA (bases)	logistic	2037	1.003332311809405e+17	9.626173326361576e+16	1.0418848139003995e+17
SRA (bases)	logistic	2038	1.0033752509458043e+17	9.626498882043142e+16	1.0419402003527627e+17
SRA (bases)	logistic	2039	1.0033992730601757e+17	9.626679194882667e+16	1.0419714698142571e+17
SRA (bases)	logistic	2040	1.0034127117331637e+17	9.626779061072115e+16	1.0419891229364974e+17
SRA (bases)	logistic	2041	1.0034202295959978e+17	9.626834371281816e+16	1.0419990887734077e+17
SRA (bases)	logistic	2042	1.0034244352003466e+17	9.626865004290344e+16	1.0420047147900522e+17
SRA (bases)	logistic	2043	1.0034267878659016e+17	9.626881970034472e+16	1.042007890826065e+17
SRA (bases)	logistic	2044	1.0034281039714602e+17	9.626891366312581e+16	1.0420096837762731e+17
SRA (bases)	logistic	2045	1.0034288402133982e+17	9.626896570332397e+16	1.0420106959385363e+17
SRA (bytes on disk)	exponential	2025	5.6138978761813336e+16	5.357122074724029e+16	5.899207881466765e+16
SRA (bytes on disk)	exponential	2026	7.761026435532496e+16	7.357160623385608e+16	8.207870740687997e+16
SRA (bytes on disk)	exponential	2027	1.0729360002894474e+17	1.009713930342149e+17	1.1414635319392341e+17
SRA (bytes on disk)	exponential	2028	1.4832982084001008e+17	1.3872581744951184e+17	1.589007730115005e+17
SRA (bytes on disk)	exponential	2029	2.0506102642183738e+17	1.9025956894421658e+17	2.2171257655420707e+17
SRA (bytes on disk)	exponential	2030	2.834900245887398e+17	2.6116097490126634e+17	3.093532251019786e+17
SRA (bytes on disk)	exponential	2031	3.919154967848402e+17	3.585178849217551e+17	4.3165212850883386e+17
SRA (bytes on disk)	exponential	2032	5.4181009311679674e+17	4.921779911449972e+17	6.022983463975259e+17
SRA (bytes on disk)	exponential	2033	7.490343694278474e+17	6.759804071800014e+17	8.404292390711886e+17
SRA (bytes on disk)	exponential	2034	1.0355150147843843e+18	9.291922634988968e+17	1.172710020059717e+18
SRA (bytes on disk)	exponential	2035	1.43156494496104e+18	1.2766170451719713e+18	1.635901623580931e+18
SRA (bytes on disk)	exponential	2036	1.9790907542446674e+18	1.7538833014335306e+18	2.278254757044915e+18
SRA (bytes on disk)	exponential	2037	2.736026910496417e+18	2.4064165831285294e+18	3.172834272660093e+18
SRA (bytes on disk)	exponential	2038	3.782465881822407e+18	3.300568417817903e+18	4.4216541572412237e+18
SRA (bytes on disk)	exponential	2039	5.229132832087026e+18	4.526960110345586e+18	6.165444159301544e+18
SRA (bytes on disk)	exponential	2040	7.2291016045956e+18	6.209041972900187e+18	8.596941400134796e+18
SRA (bytes on disk)	exponential	2041	9.993991678484283e+18	8.520967672484301e+18	1.198736044439739e+19
SRA (bytes on disk)	exponential	2042	1.3816359920314114e+19	1.1700896968890403e+19	1.671487610950216e+19
SRA (bytes on disk)	exponential	2043	1.910065643326761e+19	1.607128458148161e+19	2.330643565402275e+19
SRA (bytes on disk)	exponential	2044	2.6406019985431142e+19	2.2074050287399612e+19	3.24961516695433e+19
SRA (bytes on disk)	exponential	2045	3.6505441260989346e+19	3.029615274402083e+19	4.5309368150753395e+19
SRA (bytes on disk)	linear	2025	3.011882444630467e+16	2.894009441133562e+16	2.9865683242238476e+16
SRA (bytes on disk)	linear	2026	3.316054152170944e+16	3.17861236837551e+16	3.2816026101852844e+16
SRA (bytes on disk)	linear	2027	3.6202258597114104e+16	3.4619462500786348e+16	3.577740910997228e+16
SRA (bytes on disk)	linear	2028	3.9243975672518584e+16	3.746036361455883e+16	3.873239732719622e+16
SRA (bytes on disk)	linear	2029	4.2285692747923224e+16	4.03084612443569e+16	4.1676299638743336e+16
SRA (bytes on disk)	linear	2030	4.532740982332792e+16	4.314318715180571e+16	4.463305026138521e+16
SRA (bytes on disk)	linear	2031	4.836912689873258e+16	4.5963659956991e+16	4.760524594097534e+16
SRA (bytes on disk)	linear	2032	5.1410843974137144e+16	4.878954798818489e+16	5.0577441459012264e+16
SRA (bytes on disk)	linear	2033	5.44525610495419e+16	5.16535190711472e+16	5.354377980350119e+16
SRA (bytes on disk)	linear	2034	5.749427812494666e+16	5.447170989168906e+16	5.650410898043442e+16
SRA (bytes on disk)	linear	2035	6.053599520035135e+16	5.729046935771485e+16	5.9466055648448344e+16
SRA (bytes on disk)	linear	2036	6.357771227575582e+16	6.0109247169077864e+16	6.242794936124498e+16
SRA (bytes on disk)	linear	2037	6.661942935116024e+16	6.292802481219704e+16	6.538984291725956e+16
SRA (bytes on disk)	linear	2038	6.96611464265652e+16	6.575097852318905e+16	6.835161772861105e+16
SRA (bytes on disk)	linear	2039	7.270286350196995e+16	6.858192372729428e+16	7.13217542291999e+16
SRA (bytes on disk)	linear	2040	7.574458057737448e+16	7.141286881820559e+16	7.429218176163005e+16
SRA (bytes on disk)	linear	2041	7.878629765277917e+16	7.424381380883912e+16	7.725761174733117e+16
SRA (bytes on disk)	linear	2042	8.18280147281836e+16	7.707475871021738e+16	8.021190358010218e+16
SRA (bytes on disk)	linear	2043	8.486973180358874e+16	7.990573545471752e+16	8.316619524031082e+16
SRA (bytes on disk)	linear	2044	8.791144887899262e+16	8.273728932614296e+16	8.613063590893288e+16
SRA (bytes on disk)	linear	2045	9.095316595439738e+16	8.556884319681038e+16	8.90984365563974e+16
SRA (bytes on disk)	logistic	2025	3.1469002141980932e+16	3.0849487860228492e+16	3.2096026808384932e+16
SRA (bytes on disk)	logistic	2026	3.327672871726952e+16	3.2529889397147604e+16	3.4055737639082024e+16
SRA (bytes on disk)	logistic	2027	3.451594646033112e+16	3.3638255569625e+16	3.544744926567393e+16
SRA (bytes on disk)	logistic	2028	3.533843988544965e+16	3.4369727496490936e+16	3.636802386038633e+16
SRA (bytes on disk)	logistic	2029	3.5872702530867948e+16	3.4847495357005572e+16	3.697108847316674e+16
SRA (bytes on disk)	logistic	2030	3.6214896818696264e+16	3.5149678315933004e+16	3.7359734706319384e+16
SRA (bytes on disk)	logistic	2031	3.643210238916601e+16	3.5342675132007944e+16	3.760774604847593e+16
SRA (bytes on disk)	logistic	2032	3.656918331662148e+16	3.54562035506754e+16	3.776518041504874e+16
SRA (bytes on disk)	logistic	2033	3.665538358830727e+16	3.552686726417088e+16	3.7864720333872056e+16
SRA (bytes on disk)	logistic	2034	3.670946518388496e+16	3.557085805036302e+16	3.7927497292893416e+16
SRA (bytes on disk)	logistic	2035	3.6743347142619224e+16	3.5598242224311268e+16	3.7967025994420536e+16
SRA (bytes on disk)	logistic	2036	3.6764555050667784e+16	3.5615226333843304e+16	3.7991891071050936e+16
SRA (bytes on disk)	logistic	2037	3.677782237030997e+16	3.5625755186336108e+16	3.800752230959981e+16
SRA (bytes on disk)	logistic	2038	3.678611927151158e+16	3.5632280368868116e+16	3.801734487555744e+16
SRA (bytes on disk)	logistic	2039	3.679130671270349e+16	3.5636323577859416e+16	3.802351577458093e+16
SRA (bytes on disk)	logistic	2040	3.679454959188329e+16	3.563882860083419e+16	3.802739195565422e+16
SRA (bytes on disk)	logistic	2041	3.6796576672578424e+16	3.56403805156859e+16	3.802982649653663e+16
SRA (bytes on disk)	logistic	2042	3.679784370574385e+16	3.5641341920473704e+16	3.803135548201665e+16
SRA (bytes on disk)	logistic	2043	3.6798635642223976e+16	3.564193749217505e+16	3.803231570676838e+16
SRA (bytes on disk)	logistic	2044	3.679913061760993e+16	3.5642306432096724e+16	3.803291872708087e+16
SRA (bytes on disk)	logistic	2045	3.679943998259787e+16	3.5642534978204096e+16	3.803329741759796e+16
