kind	key	value_a	value_b
stream	names	2420602	856944
stream	bases	587273818	88975361
stream	qualities	587273818	319673308
qual	1	8774	0.000015
qual	2	215093	0.000366
qual	3	1642891	0.002798
qual	4	4286402	0.007299
qual	5	6928888	0.011799
qual	6	9318754	0.015869
qual	7	11228599	0.019121
qual	8	10857447	0.018489
qual	9	10217465	0.017399
qual	10	9727813	0.016566
qual	11	9424818	0.016050
qual	12	9281115	0.015805
qual	13	9257483	0.015765
qual	14	9332254	0.015892
qual	15	9493973	0.016167
qual	16	9735645	0.016579
qual	17	10050799	0.017116
qual	18	10428536	0.017759
qual	19	10892168	0.018548
qual	20	11441581	0.019484
qual	21	12103872	0.020612
qual	22	12896631	0.021962
qual	23	13851265	0.023587
qual	24	14996579	0.025538
qual	25	16300362	0.027758
qual	26	17766121	0.030254
qual	27	19267668	0.032811
qual	28	20727173	0.035296
qual	29	22026032	0.037508
qual	30	23052214	0.039256
qual	31	23768574	0.040476
qual	32	24212544	0.041232
qual	33	24463759	0.041659
qual	34	24593492	0.041880
qual	35	24265796	0.041322
qual	36	22852907	0.038916
qual	37	20461548	0.034844
qual	38	17498162	0.029798
qual	39	13831546	0.023554
qual	40	10606815	0.018062
qual	41	7679318	0.013077
qual	42	5455512	0.009290
qual	43	4042358	0.006884
qual	44	2946965	0.005018
qual	45	2119716	0.003610
qual	46	1539515	0.002622
qual	47	1166507	0.001986
qual	48	873429	0.001487
qual	49	685936	0.001168
qual	50	493998	0.000841
qual	51	394354	0.000672
qual	52	303122	0.000516
qual	53	236611	0.000403
qual	54	169824	0.000289
qual	55	154926	0.000264
qual	56	100556	0.000171
qual	57	77058	0.000131
qual	58	79316	0.000135
qual	59	49933	0.000085
qual	60	42572	0.000072
qual	61	25991	0.000044
qual	62	18282	0.000031
qual	63	22878	0.000039
qual	64	6276	0.000011
qual	65	18410	0.000031
qual	66	6287	0.000011
qual	67	1526	0.000003
qual	68	14964	0.000025
qual	69	64	0.000000
qual	71	5367	0.000009
qual	72	97	0.000000
qual	73	267	0.000000
qual	74	172	0.000000
qual	75	385	0.000001
qual	76	3	0.000000
qual	79	8	0.000000
qual	82	259	0.000000
qual	88	16	0.000000
qual	90	15185556	0.025860
