date,year,bases,open_access_bases,bytes,open_access_bytes
2007-06-05,2007.4247,20304190150,20304190150,50496285115,50496285115
2008-04-30,2008.3279,81457586277,81457586277,289756582979,289756582979
2008-05-23,2008.3907,85144414651,85144414651,298618704333,298618704333
2008-06-27,2008.4863,116018051444,116018051444,513909058420,513909058420
2008-07-31,2008.5792,345776865124,345776865124,1754615227601,1754615227601
2008-08-31,2008.6639,873541965483,873541965483,4929483053742,4929483053742
2008-09-30,2008.7459,1279015150044,1279015150044,7861623363355,7861623363355
2008-10-31,2008.8306,2070683889302,2070683889302,12840847657565,12840847657565
2008-11-25,2008.8989,2106420358248,2106420358248,13054446743888,13054446743888
2008-12-31,2008.9973,2250299594816,2250299594816,13499088426287,13499088426287
2009-01-31,2009.0822,2473087688181,2473087688181,13794624856498,13794624856498
2009-02-28,2009.1589,2620540400967,2620540400967,14589993048946,14589993048946
2009-03-30,2009.2411,3104977690448,3104977690448,15157891470203,15157891470203
2009-04-30,2009.326,4380077489361,4380077489361,21614380332020,21614380332020
2009-05-29,2009.4055,4921295488355,4921295488355,22506175155343,22506175155343
2009-06-30,2009.4932,6128046630735,6128046630735,23988750267200,23988750267200
2009-07-30,2009.5753,6387648524135,6387648524135,24265213103480,24265213103480
2009-08-31,2009.663,7055130297987,7055130297987,24951175452124,24951175452124
2009-09-30,2009.7452,9000927341118,8659062171750,26703860713662,26490556822785
2009-10-31,2009.8301,9691593431554,9349728262186,27454140497298,27240836606421
2009-11-30,2009.9123,10725388546706,10383523377338,28341778030102,28128474139225
2009-12-31,2009.9973,12441562127847,12099696958479,29818160070167,29604856179290
2010-01-31,2010.0822,14595078616247,14253087660876,32359535938478,32145954598825
2010-02-28,2010.1589,18211930454086,17831650887394,40208572152929,39973051327453
2010-03-31,2010.2438,20875513874659,20495234307967,46070162420741,45834641595265
2010-04-30,2010.326,23139457691445,22714204114783,56680378792522,56414638829060
2010-05-31,2010.411,25258549237744,24534766847572,64796286722347,64271922952533
2010-06-30,2010.4932,26557463894694,25795793264635,66617584910547,66010791037424
2010-07-31,2010.5781,32102590374613,26895430866529,76194724661302,68027206160816
2010-08-31,2010.663,43350492882892,32816414878964,83562660216456,72307293025471
2010-09-30,2010.7452,50180162292993,39476171619753,93496929378791,82072206656575
2010-10-31,2010.8301,56267108620081,45563117946841,100565654289899,89140931567683
2010-11-30,2010.9123,61678513483922,50951573757202,112526597344847,101099794037528
2010-12-31,2010.9973,70016673406687,59243865348846,118605307021566,107147459973528
2011-01-31,2011.0822,73659037053441,62857657717864,122302901177387,110825449888435
2011-02-28,2011.1589,88247121934141,72763695190771,134748037644551,121326645407038
2011-03-31,2011.2438,113765216049430,86752509444033,149192996931647,131138923679048
2011-04-30,2011.326,122092708068186,93903874080856,155032810225602,136115692344523
2011-05-31,2011.411,128980919753397,97942887592246,159488494960780,139205830387827
2011-06-30,2011.4932,135671060370330,102922570419847,164091592536252,142998716831599
2011-07-31,2011.5781,147907204607439,108821505581282,170771731536083,146853646848229
2011-08-31,2011.663,158423987916125,113244202377245,176541708346403,149865905900021
2011-09-30,2011.7452,164789319853029,119400809458242,180703650230602,153895661394403
2011-10-31,2011.8301,177433235725948,131441659055246,189432002405280,162335664709286
2011-11-30,2011.9123,213874429818132,156824500460794,210547707845826,178426223888609
2011-12-31,2011.9973,228906182314485,167955938755081,220703180041869,186976567808777
2012-01-31,2012.082,243385543623619,182149301969059,230171706840367,196311185573591
2012-02-29,2012.1612,258950261480299,190271333645556,239432256205849,202058488574515
2012-03-31,2012.2459,293517514257516,199709166209304,257785579970171,208186335074016
2012-04-30,2012.3279,392625835734070,231323859117893,310039859143336,228765482987737
2012-05-31,2012.4126,431259301905172,251852935604151,334237590212814,242180284462758
2012-06-30,2012.4945,524756495584834,258898341615695,395241815582284,247311776504808
2012-07-31,2012.5792,624042332407889,268995513581429,470504518173173,254140600029246
2012-08-31,2012.6639,722052189688711,299082985038040,539919546914610,273424284140374
2012-09-30,2012.7459,785176181439525,320664489744702,578047099984173,287880528713739
2012-10-31,2012.8306,828280521833318,343687553343747,604597106640051,301327271986428
2012-11-30,2012.9126,905863614198707,354933245364464,658852773134039,308633844464579
2012-12-31,2012.9973,950357574425517,385945183716608,685123436540334,326858082502231
2013-01-31,2013.0822,989259642398119,412270619751078,707591849284403,342907521404405
2013-02-28,2013.1589,1062802933890881,441867375976351,750619010268137,362084759025793
2013-03-31,2013.2438,1108190151867614,472806629160442,776800442095000,381236964750481
2013-04-30,2013.326,1277060703518827,631717868509620,887136618661999,486256181491894
2013-05-31,2013.411,1484482150007867,659032966658631,1025750075238379,503692999829990
2013-06-30,2013.4932,1533399493657942,701082560871725,1056390557098085,531104545965861
2013-07-31,2013.5781,1571516526828480,724847900219862,1078293400345867,546162780343323
2013-08-31,2013.663,1615710995135460,763805700878683,1104894440744543,569489082823549
2013-09-30,2013.7452,1668192965565903,795856063604601,1135781003502651,589489661331942
2013-10-31,2013.8301,1749582734630506,817234794888017,1191863247381941,603053016789554
2013-11-30,2013.9123,1815935004198816,836431580324819,1237836976105175,615491577700943
2013-12-31,2013.9973,1853172672472145,868845805926185,1263019220121392,637291175049282
2014-01-31,2014.0822,1974470532453258,887944570703068,1340544396252617,649956860232146
2014-02-28,2014.1589,2002973002905633,916055939151939,1359053195226804,668200719801438
2014-03-31,2014.2438,2066037562373288,974611787732117,1399586284713043,706046960066479
2014-04-30,2014.326,2125640767170665,1003917491817638,1432902171232924,724491551525280
2014-05-31,2014.411,2248708156481007,1087655507373288,1503263411475700,775440459084389
2014-06-30,2014.4932,2349437935380061,1134427073610192,1561124198582687,807238155952999
2014-07-31,2014.5781,2411791098467186,1179454591422850,1599584822393689,837052503002682
2014-08-31,2014.663,2456100223142546,1221567633324229,1627719670549575,864025647102943
2014-09-30,2014.7452,2523352360221593,1286406554616606,1671937460397147,906845470726429
2014-10-31,2014.8301,2689811783771710,1452222828363992,1753786114105035,988355142292843
2014-11-30,2014.9123,2740493099710977,1500381267253022,1785851273771438,1018943338490843
2014-12-31,2014.9973,2791897329235523,1546209883257966,1819169167102191,1049221421052453
2015-01-31,2015.0822,2870263750591082,1601418695420206,1864890343339880,1083550560084220
2015-02-28,2015.1589,3034950600860781,1685584611734790,1954916051370235,1131198823744431
2015-03-31,2015.2438,3133038344926356,1745273644254566,2015842595029879,1172507992396002
2015-04-30,2015.326,3222179201908599,1810096773088314,2065847158162874,1212392103861703
2015-05-31,2015.411,3319038126456953,1887780150398819,2132707168206508,1269784333936647
2015-06-30,2015.4932,3426827588594896,1952020691993681,2194702732907126,1310037635798797
2015-07-31,2015.5781,3734352394639383,2202191061909634,2387042664114813,1471470624992610
2015-08-31,2015.663,3811329895613994,2270019369043776,2436300084216469,1515189565420658
2015-09-30,2015.7452,3899015698329119,2344925301475184,2490119199191510,1562244664130054
2015-10-31,2015.8301,4084721616479667,2464028543908575,2584062791299656,1625593456013006
2015-11-30,2015.9123,4277298319833411,2578386357003831,2675373016346218,1697955444496215
2015-12-31,2015.9973,4350784222796685,2646805153097069,2721981117111661,1741732846088371
2016-01-31,2016.082,4601627315934875,2738624914376207,2862261774749205,1798068516866355
2016-02-29,2016.1612,4688878571519959,2817183118897297,2913368870945360,1845852137238216
2016-03-31,2016.2459,4826193321988516,2915576002458792,2991285839655020,1904351314120704
2016-04-30,2016.3279,5037477132178985,3042339606245293,3095817573819020,1970571602575215
2016-05-31,2016.4126,5242012727775271,3185603146856470,3212099208350670,2055877053394517
2016-06-30,2016.4945,5413387220049844,3333360734187143,3305664510824931,2137910040430138
2016-07-31,2016.5792,5598820354931789,3450147537414788,3414144066610917,2214390525453084
2016-08-31,2016.6639,5819603621667264,3573459154712575,3533349695516075,2284880129970811
2016-09-30,2016.7459,6029967565803827,3742199538853348,3639044738242562,2370579472235360
2016-10-31,2016.8306,8554434178898334,3879894875809530,4444135369207730,2450740121697963
2016-11-30,2016.9126,8888215448085488,4017979504444467,4613558174418953,2527898545398462
2016-12-31,2016.9973,9205140320897776,4126477780988351,4771233305082890,2588889462103817
2017-01-31,2017.0822,9592152392745602,4270647941027420,4922574280902352,2667868050317496
2017-02-28,2017.1589,9747261854255404,4399364670925881,5006146500587480,2742152200780314
2017-03-31,2017.2438,10044332119054392,4577361648406683,5122913248186670,2825228102278312
2017-04-30,2017.326,11051344665767292,4723668520160699,5475466539636168,2899028280428381
2017-05-31,2017.411,11974321963828477,4902928585421533,5770379824705761,2986336327686733
2017-06-30,2017.4932,12413199567628129,5037199303177769,5926749121072086,3061164494038739
2017-07-31,2017.5781,12750325997237214,5199744505617568,6076909613460271,3147442556144114
2017-08-31,2017.663,13049877462744766,5360616919055359,6208645125022820,3235383781225292
2017-09-30,2017.7452,13639324359608603,5537237432385475,6432200498619540,3325330798409232
2017-10-31,2017.8301,13993832302128228,5735731759682122,6585801157629583,3422763004668890
2017-11-30,2017.9123,14361468712322570,5900812837803561,6732391745386779,3506444423475338
2017-12-31,2017.9973,14589139231400116,6052075927574382,6840964201000533,3588197998714620
2018-01-31,2018.0822,14830520285218029,6279611063272254,6959473924661471,3697897213974146
2018-02-28,2018.1589,16455152967967799,6436018136418775,7355098112374994,3776289809730556
2018-03-31,2018.2438,16984794163095183,6671221759624824,7539984038562822,3886462298517941
2018-04-30,2018.326,18118457755479142,6898710849710587,7870833628629729,3999804107862628
2018-05-31,2018.411,18542035438303522,7174138313621727,8050354474695916,4137598032756592
2018-06-30,2018.4932,18782203663193805,7339478299125240,8167028007574628,4222813053804059
2018-07-31,2018.5781,19362995353658645,7674369602216949,8386139946565701,4380480040624362
2018-08-31,2018.663,19843161267497359,7918464953290053,8586530389155838,4497960228619205
2018-09-30,2018.7452,20167548238504737,8182441055933846,8732838637091175,4621459710234642
2018-10-31,2018.8301,20657969862158035,8419204468919997,8904117009773945,4737259742422239
2018-11-30,2018.9123,21357196922808443,8673506265863818,9155242945674387,4854522924428550
2018-12-31,2018.9973,23108971232097855,8925952110444778,9585489878324789,4992144729169271
2019-01-31,2019.0822,24790375824680749,9263467750807118,10003533407250181,5143576739960953
2019-02-28,2019.1589,26021659600538786,9537690000755324,10317942956581217,5270228506000851
2019-03-31,2019.2438,27254123839455310,10222370892763710,10669008148150092,5486688539357113
2019-04-30,2019.326,27591211779197690,10542503513369933,10813353509475379,5623558670862597
2019-05-31,2019.411,28024956152125788,10915123800347012,11002850624594780,5787218575799621
2019-06-30,2019.4932,29558612980686868,11294392775696432,11398494942296412,5951385576336720
2019-07-31,2019.5781,29965875289279549,11643653873207958,11575560429293459,6108412413036337
2019-08-31,2019.663,30343663128213231,11997731790504977,11749190046973997,6271667706448564
2019-09-30,2019.7452,30861759721695896,12336097229944043,12099264999203388,6416938754630856
2019-10-31,2019.8301,31956897320361830,12774421995902543,12428070487175767,6610277001919353
2019-11-30,2019.9123,33336123328184140,13151966369407488,12779959375053000,6775379964089994
2019-12-31,2019.9973,34146058553371092,13584582635510554,13042178041156016,6952535749874128
2020-01-31,2020.082,36721744780355119,14045303685367805,13663259294462454,7208858387692073
2020-02-29,2020.1612,37708360582698564,14423693969329414,13950131953456626,7364689303239506
2020-03-31,2020.2459,39702509051601495,14811785436188387,14375301807632189,7527184088994090
2020-04-30,2020.3279,40670429745314366,15401975217177417,14672518757224689,7743020952479720
2020-05-31,2020.4126,41756733022862913,15966730374903979,15047375470043558,7976313548744651
2020-06-30,2020.4945,42433007829211071,16576437190610470,15321701520512500,8229120638580806
2020-07-31,2020.5792,43080010041031837,17172047665082462,15588056167254488,8477413155757465
2020-08-31,2020.6639,44104843202207389,17810973123512551,15914212195737760,8735286417275333
2020-09-30,2020.7459,44735790391223830,18430507848377900,16164642334190326,8981343451717814
2020-10-31,2020.8306,45380064678003907,19030848271073277,16415312029105510,9221880433117448
2020-11-30,2020.9126,45924800750265825,19473053348420633,16625452455211231,9396684442710755
2020-12-31,2020.9973,46567811135424222,20052267894327372,16884925126148402,9636078341137446
2021-01-31,2021.0822,49954853784920491,20675357402997434,17562157509791056,9878740404939640
2021-02-28,2021.1589,50730743171821206,21221288641686747,17826081691805288,10092362133130029
2021-03-31,2021.2438,51721622343786723,21960811193176710,18168407262710755,10366976437771400
2021-04-30,2021.326,52393188277487382,22556488627270364,18415423632285016,10594013907923895
2021-05-31,2021.411,54028889945107957,23162430255336319,18809404346048617,10821374278107616
2021-06-30,2021.4932,54837951166700091,23885009808161888,19113511145283291,11100780472585992
2021-07-31,2021.5781,55465700537764418,24472603300038595,19343507487311520,11318612723659327
2021-08-31,2021.663,56414405119435076,25091566688447988,19649136786887314,11531369754844560
2021-09-30,2021.7452,57936442957026812,25922259187460458,20069948651460637,11826775237603113
2021-10-31,2021.8301,59415183497320535,26693479241369655,20433655100055876,12094048979316254
2021-11-30,2021.9123,60478632597069296,27677211871871752,20739082083711166,12367223883894442
2021-12-31,2021.9973,61508557562589831,28661814770798164,21081232528075855,12699953114291991
2022-01-31,2022.0822,62482556915733534,29616366793006381,21428718785514255,13038041759464045
2022-02-28,2022.1589,63301306332354624,30400956947945488,21717447503956574,13314659492718162
2022-03-31,2022.2438,64313473704512304,31252387616995692,22042784078937680,13598016913089465
2022-04-30,2022.326,65794306927958780,32043317542414168,22457344742184296,13878007550453432
2022-05-31,2022.411,66975393032239825,32935437147851251,22858444953836138,14213624142596492
2022-06-30,2022.4932,68174516107628452,33785810547041564,23243239113786475,14527467043675761
2022-07-31,2022.5781,69127172197405916,34687765008646478,23602584533944574,14866091079619696
2022-08-31,2022.663,70147039422588693,35625200127209145,23998108556226071,15228550628663047
2022-09-30,2022.7452,70954075265866251,36415541077380846,24308249731531139,15530584401874815
2022-10-31,2022.8301,71752132923721871,37153842332459315,24587972702426067,15796129910501836
2022-11-30,2022.9123,72892833101228665,38020917999673107,24959982909070078,16116350524171890
2022-12-31,2022.9973,74008790999274307,39090483601305853,25366777233077639,16505411313144150
2023-01-31,2023.0822,75288956087502970,40116434192764437,25826845739831492,16901128135110659
2023-02-28,2023.1589,76699790473949129,40860784512000926,26191408869758348,17171703451046490
2023-03-31,2023.2438,77695544995803410,41793425727715233,26572637260847292,17536399495752779
2023-04-30,2023.326,78566892715301783,42644556540511429,26901480789441874,17857415041047007
2023-05-31,2023.411,79499776980329693,43444164281862630,27251512122612924,18159422746835465
2023-06-30,2023.4932,80436963567791273,44280954335000498,27616483491322263,18485620101423706
2023-07-31,2023.5781,81516068701685646,45273980611876311,28029409120137078,18873501674669860
2023-08-31,2023.663,82805840447899365,46325597356992127,28497754909454126,19291824616448254
2023-09-30,2023.7452,84694966085080516,48174886698158488,29169884403950045,19950528475585255
2023-10-31,2023.8301,85892750825653444,49151647362397570,29610388232296644,20352581736468567
2023-11-30,2023.9123,87112036227873816,49988809868863811,30028468640076639,20668506855175778
2023-12-31,2023.9973,88676856855624200,51202824290609618,30543342583697335,21125074594993950
2024-01-31,2024.082,90102445210294856,52374075784652242,31051815212451577,21566744098607611
2024-02-25,2024.1503,91187032470955695,53092406881507824,31431028242336846,21832350219039910
