year	sra_bases_added	flagship	flagship_bases_per_year	flagship_instrument_years
2008	2229995404666.0	Genome Analyzer	121666666666.66666	18.32872935341918
2009	10191262533031.0	Genome Analyzer IIx	2476785714285.7144	4.114713063083893
2010	57575111278840.0	HiSeq 2000	19909090909090.91	2.8919005665170774
2011	158889508907798.0	HiSeq 2000	19909090909090.91	7.980751588976155
2012	721451392111032.0	HiSeq 2500	60833333333333.33	11.859474938811486
2013	902815098046628.0	HiSeq 2500	60833333333333.33	14.840796132273338
2014	938724656763378.0	HiSeq X	219000000000000.0	4.286413957823644
2015	1558886893561162.0	HiSeq 4000	156428571428571.4	9.965486990801951
2016	4854356098101091.0	HiSeq 4000	156428571428571.4	31.032413412518395
2017	5383998910502340.0	NovaSeq 6000	1194545454545454.8	4.50715281701109
2018	8519832000697739.0	NovaSeq 6000	1194545454545454.8	7.1322794526388975
2019	1.1037087321273236e+16	NovaSeq 6000	1194545454545454.8	9.239570816895402
2020	1.242175258205313e+16	NovaSeq 6000	1194545454545454.8	10.398727427898356
2021	1.4940746427165608e+16	NovaSeq 6000	1194545454545454.8	12.507474177992515
2022	1.2500233436684476e+16	NovaSeq 6000	1194545454545454.8	10.464426773480152
2023	1.4668065856349892e+16	NovaSeq X Plus	2920000000000000.0	5.023310224777361
