year,medium,usd2020_per_tb
1957,DRAM,3785841300000000.0
1959,DRAM,604316800000000.0
1960,DRAM,45841725000000.0
1965,DRAM,21710640000000.0
1970,DRAM,4896085000000.0
1973,DRAM,2327900000000.0
1974,DRAM,1651418000000.0
1975,DRAM,240145830000.0
1976,DRAM,104797980000.0
1977,DRAM,98399430000.0
1978,DRAM,60336312000.0
1979,DRAM,23899023000.0
1980,DRAM,20353098000.0
1981,DRAM,12753204000.0
1982,DRAM,5310319000.0
1983,DRAM,5145038000.0
1984,DRAM,3314640600.0
1985,DRAM,720389300.0
1986,DRAM,447488000.0
1987,DRAM,303009340.0
1988,DRAM,290970940.0
1989,DRAM,236112860.0
1990,DRAM,90098700.0
1991,DRAM,75534056.0
1992,DRAM,48423300.0
1993,DRAM,47015840.0
1994,DRAM,45842030.0
1995,DRAM,44578668.0
1996,DRAM,8660024.0
1997,DRAM,3477017.0
1998,DRAM,1339704.2
1999,DRAM,1213540.6
2000,DRAM,1045032.1
2001,DRAM,215668.22
2002,DRAM,192136.88
2003,DRAM,107141.97
2004,DRAM,104362.74
2005,DRAM,100942.766
2006,DRAM,93394.086
2007,DRAM,30443.953
2008,DRAM,11736.104
2009,DRAM,11778.007
2010,DRAM,11587.933
2011,DRAM,5897.5786
2012,DRAM,4126.757
2013,DRAM,4067.1821
2014,DRAM,4002.2583
2015,DRAM,3997.5132
2016,DRAM,2961.1104
2017,DRAM,2899.3442
2018,DRAM,2830.2168
2019,DRAM,2779.8467
2020,DRAM,2745.97
2021,DRAM,2477.3057
2022,DRAM,1861.9304
2023,DRAM,1088.4346
2013,SSD,694.3193
2014,SSD,409.94592
2015,SSD,272.94415
2016,SSD,219.0232
2017,SSD,214.45456
2018,SSD,107.345345
2019,SSD,80.13659
2020,SSD,74.99
2021,SSD,71.62504
2022,SSD,39.79599
2023,SSD,25.906414
1956,disk drives,87539016000.0
1959,disk drives,67593253000.0
1960,disk drives,31477012000.0
1964,disk drives,29376050000.0
1966,disk drives,8365506600.0
1970,disk drives,1732299500.0
1973,disk drives,1513811200.0
1974,disk drives,971197500.0
1975,disk drives,889963500.0
1979,disk drives,659504640.0
1980,disk drives,581068400.0
1981,disk drives,526733060.0
1982,disk drives,496166180.0
1983,disk drives,311560640.0
1984,disk drives,93411096.0
1985,disk drives,75509450.0
1986,disk drives,43568096.0
1987,disk drives,34098050.0
1988,disk drives,21804590.0
1989,disk drives,15619105.0
1990,disk drives,6473702.5
1991,disk drives,5305435.5
1992,disk drives,2581653.8
1993,disk drives,1285597.1
1994,disk drives,756563.3
1995,disk drives,363161.03
1996,disk drives,210479.83
1997,disk drives,78025.63
1998,disk drives,39446.848
1999,disk drives,13728.494
2000,disk drives,6119.5728
2001,disk drives,3784.983
2002,disk drives,1750.348
2003,disk drives,1054.8236
2004,disk drives,834.9087
2005,disk drives,538.3613
2006,disk drives,280.7894
2007,disk drives,249.62152
2008,disk drives,120.195786
2009,disk drives,84.43383
2010,disk drives,53.41057
2011,disk drives,42.180378
2012,disk drives,41.325172
2013,disk drives,40.728596
2014,disk drives,38.263657
2015,disk drives,30.934978
2016,disk drives,29.870232
2017,disk drives,26.396357
2018,disk drives,24.086998
2019,disk drives,18.981318
2020,disk drives,16.25
2021,disk drives,15.520827
2022,disk drives,12.637437
2023,disk drives,10.617382
2003,flash,269228.5
2004,flash,262244.8
2005,flash,100916.87
2006,flash,18792.9
2007,flash,9139.283
2008,flash,2200.7043
2009,flash,1950.483
2010,flash,1412.2704
2011,flash,1158.3726
2012,flash,653.2782
2013,flash,508.3964
2014,flash,366.16135
2015,flash,158.12546
2016,flash,156.15553
2017,flash,152.89827
