threshold	cold_share_bytes	savings_vs_hot_pct	delayed_share
0.00212	0.0	81.49712	0.0
0.01507	0.00979	81.62525	0.0
0.02367	0.01771	81.72894	0.0
0.04062	0.02789	81.86212	0.0
0.05853	0.04337	82.06474	0.0
0.08301	0.05683	82.24566	0.00398
0.13032	0.06678	82.37595	0.00398
0.18849	0.072	82.44523	0.00994
0.22939	0.07742	82.51624	0.00994
0.23399	0.07859	82.53153	0.00994
0.24543	0.08067	82.55877	0.00994
0.27759	0.08751	82.64916	0.0159
0.31636	0.09091	82.69363	0.01988
0.37144	0.09612	82.76232	0.08549
0.40023	0.10535	82.88342	0.08748
0.42204	0.1077	82.91449	0.0994
0.44813	0.11451	83.00559	0.10934
0.4708	0.11758	83.04617	0.12724
0.48561	0.12186	83.10257	0.13121
0.50908	0.12414	83.13394	0.13718
0.53285	0.12772	83.18095	0.14314
0.54603	0.1308	83.22232	0.15706
0.57353	0.13453	83.27132	0.16103
0.59583	0.1386	83.32482	0.16899
0.61644	0.15145	83.49356	0.1829
0.63185	0.15591	83.55292	0.20278
0.64456	0.15997	83.61187	0.2167
0.6591	0.16766	83.72317	0.26839
0.67473	0.17508	83.82117	0.27435
0.69417	0.18895	84.01009	0.28429
0.71216	0.1947	84.08714	0.30219
0.73634	0.20149	84.17603	0.30616
0.75172	0.21021	84.29204	0.32604
0.77275	0.21728	84.39315	0.34394
0.78981	0.22276	84.46588	0.35189
0.80814	0.23102	84.5773	0.36779
0.82192	0.2418	84.7256	0.39563
0.83851	0.25088	84.84793	0.41153
0.85114	0.26613	85.0613	0.44533
0.86661	0.27498	85.17882	0.45328
0.87993	0.28879	85.36854	0.47714
0.88914	0.30184	85.54359	0.48907
0.89899	0.32347	85.83962	0.49901
0.91134	0.354	86.29332	0.53082
0.92238	0.37284	86.57386	0.58449
0.93484	0.3927	86.88429	0.67992
0.9443	0.42428	87.32972	0.7336
0.95628	0.49134	88.24575	0.76938
0.96559	0.54217	89.03665	0.82107
0.977	0.61879	90.15141	0.87873
0.99642	0.98525	95.41	1.0
