group	studies	reused_share	cited_share	tb	byte_share	grouping
AMPLICON	217	0.0507	0.6083	2.0381	0.0131	library_strategy
ChIP-Seq	80	0.0	0.0875	0.7511	0.0048	library_strategy
OTHER	349	0.0487	0.235	4.8809	0.0314	library_strategy
POOLCLONE	15	0.0	0.2667	0.2252	0.0014	library_strategy
RIP-Seq	11	0.0	0.0	0.0973	0.0006	library_strategy
RNA-Seq	748	0.0267	0.2527	13.3451	0.0859	library_strategy
Tn-Seq	24	0.0833	0.6667	0.2373	0.0015	library_strategy
WGA	63	0.0794	0.3016	0.5202	0.0033	library_strategy
WGS	4168	0.0696	0.2783	132.6061	0.8538	library_strategy
ncRNA-Seq	13	0.0	0.0769	0.0756	0.0005	library_strategy
other	60	0.0333	0.3333	0.5355	0.0034	library_strategy
2010	97	0.0	0.0309	0.4673	0.003	year
2011	166	0.012	0.0783	0.4108	0.0026	year
2012	614	0.0065	0.0179	2.184	0.0141	year
2013	550	0.0073	0.0527	3.6403	0.0234	year
2014	426	0.0235	0.1056	31.3838	0.2021	year
2015	318	0.0755	0.3396	20.0212	0.1289	year
2016	383	0.0653	0.3003	9.8671	0.0635	year
2017	467	0.0707	0.2827	12.4143	0.0799	year
2018	613	0.0522	0.3246	13.2738	0.0855	year
2019	659	0.088	0.393	13.0172	0.0838	year
2020	750	0.1187	0.4827	20.5966	0.1326	year
2021	705	0.0936	0.5021	28.0361	0.1805	year
Illumina	4966	0.0606	0.2791	142.6144	0.9182	platform
ONT	118	0.0763	0.4492	6.1603	0.0397	platform
PacBio	173	0.0809	0.3931	4.6194	0.0297	platform
mixed/other	491	0.0468	0.2505	1.9185	0.0124	platform
