callset	type	min_qual	tp	fp	fn	precision	recall	f1
illumina_orig_5x	SNP	0.0	24535	286	1417	0.98848	0.9454	0.96646
illumina_orig_5x	INDEL	0.0	159	8	195	0.9521	0.44915	0.61036
illumina_orig_5x	ALL	0.0	24694	294	1612	0.98823	0.93872	0.96284
illumina_orig_5x	SNP	10.0	22344	162	3608	0.9928	0.86097	0.9222
illumina_orig_5x	INDEL	10.0	157	8	197	0.95152	0.4435	0.60501
illumina_orig_5x	ALL	10.0	22501	170	3805	0.9925	0.85536	0.91884
illumina_orig_5x	SNP	20.0	22325	153	3627	0.99319	0.86024	0.92195
illumina_orig_5x	INDEL	20.0	150	7	204	0.95541	0.42373	0.58708
illumina_orig_5x	ALL	20.0	22475	160	3831	0.99293	0.85437	0.91845
illumina_orig_5x	SNP	30.0	22093	139	3859	0.99375	0.8513	0.91703
illumina_orig_5x	INDEL	30.0	148	5	206	0.96732	0.41808	0.58383
illumina_orig_5x	ALL	30.0	22241	144	4065	0.99357	0.84547	0.91356
illumina_orig_5x	SNP	50.0	18619	75	7333	0.99599	0.71744	0.83407
illumina_orig_5x	INDEL	50.0	131	5	223	0.96324	0.37006	0.53469
illumina_orig_5x	ALL	50.0	18750	80	7556	0.99575	0.71277	0.83082
illumina_orig_5x	SNP	100.0	12145	29	13807	0.99762	0.46798	0.6371
illumina_orig_5x	INDEL	100.0	83	2	271	0.97647	0.23446	0.37813
illumina_orig_5x	ALL	100.0	12228	31	14078	0.99747	0.46484	0.63415
illumina_orig_15x	SNP	0.0	25632	230	320	0.99111	0.98767	0.98939
illumina_orig_15x	INDEL	0.0	198	12	156	0.94286	0.55932	0.70213
illumina_orig_15x	ALL	0.0	25830	242	476	0.99072	0.98191	0.98629
illumina_orig_15x	SNP	10.0	25507	199	445	0.99226	0.98285	0.98753
illumina_orig_15x	INDEL	10.0	193	10	161	0.95074	0.5452	0.693
illumina_orig_15x	ALL	10.0	25700	209	606	0.99193	0.97696	0.98439
illumina_orig_15x	SNP	20.0	25504	191	448	0.99257	0.98274	0.98763
illumina_orig_15x	INDEL	20.0	191	9	163	0.955	0.53955	0.68953
illumina_orig_15x	ALL	20.0	25695	200	611	0.99228	0.97677	0.98446
illumina_orig_15x	SNP	30.0	25478	184	474	0.99283	0.98174	0.98725
illumina_orig_15x	INDEL	30.0	189	9	165	0.95455	0.5339	0.68478
illumina_orig_15x	ALL	30.0	25667	193	639	0.99254	0.97571	0.98405
illumina_orig_15x	SNP	50.0	25266	158	686	0.99379	0.97357	0.98357
illumina_orig_15x	INDEL	50.0	180	8	174	0.95745	0.50847	0.66421
illumina_orig_15x	ALL	50.0	25446	166	860	0.99352	0.96731	0.98024
illumina_orig_15x	SNP	100.0	24385	106	1567	0.99567	0.93962	0.96683
illumina_orig_15x	INDEL	100.0	165	6	189	0.96491	0.4661	0.62857
illumina_orig_15x	ALL	100.0	24550	112	1756	0.99546	0.93325	0.96335
illumina_orig_30x	SNP	0.0	25704	267	248	0.98972	0.99044	0.99008
illumina_orig_30x	INDEL	0.0	204	12	150	0.94444	0.57627	0.71579
illumina_orig_30x	ALL	0.0	25908	279	398	0.98935	0.98487	0.9871
illumina_orig_30x	SNP	10.0	25678	242	274	0.99066	0.98944	0.99005
illumina_orig_30x	INDEL	10.0	204	11	150	0.94884	0.57627	0.71705
illumina_orig_30x	ALL	10.0	25882	253	424	0.99032	0.98388	0.98709
illumina_orig_30x	SNP	20.0	25671	237	281	0.99085	0.98917	0.99001
illumina_orig_30x	INDEL	20.0	202	10	152	0.95283	0.57062	0.71378
illumina_orig_30x	ALL	20.0	25873	247	433	0.99054	0.98354	0.98703
illumina_orig_30x	SNP	30.0	25662	232	290	0.99104	0.98883	0.98993
illumina_orig_30x	INDEL	30.0	202	10	152	0.95283	0.57062	0.71378
illumina_orig_30x	ALL	30.0	25864	242	442	0.99073	0.9832	0.98695
illumina_orig_30x	SNP	50.0	25626	207	326	0.99199	0.98744	0.98971
illumina_orig_30x	INDEL	50.0	198	8	156	0.96117	0.55932	0.70714
illumina_orig_30x	ALL	50.0	25824	215	482	0.99174	0.98168	0.98668
illumina_orig_30x	SNP	100.0	25505	168	447	0.99346	0.98278	0.98809
illumina_orig_30x	INDEL	100.0	184	8	170	0.95833	0.51977	0.67399
illumina_orig_30x	ALL	100.0	25689	176	617	0.9932	0.97655	0.9848
illumina_orig_fullx	SNP	0.0	25721	262	231	0.98992	0.9911	0.99051
illumina_orig_fullx	INDEL	0.0	206	13	148	0.94064	0.58192	0.71902
illumina_orig_fullx	ALL	0.0	25927	275	379	0.9895	0.98559	0.98754
illumina_orig_fullx	SNP	10.0	25708	245	244	0.99056	0.9906	0.99058
illumina_orig_fullx	INDEL	10.0	206	13	148	0.94064	0.58192	0.71902
illumina_orig_fullx	ALL	10.0	25914	258	392	0.99014	0.9851	0.98761
illumina_orig_fullx	SNP	20.0	25703	240	249	0.99075	0.99041	0.99058
illumina_orig_fullx	INDEL	20.0	206	12	148	0.94495	0.58192	0.72028
illumina_orig_fullx	ALL	20.0	25909	252	397	0.99037	0.98491	0.98763
illumina_orig_fullx	SNP	30.0	25696	230	256	0.99113	0.99014	0.99063
illumina_orig_fullx	INDEL	30.0	205	10	149	0.95349	0.5791	0.72056
illumina_orig_fullx	ALL	30.0	25901	240	405	0.99082	0.9846	0.9877
illumina_orig_fullx	SNP	50.0	25687	214	265	0.99174	0.98979	0.99076
illumina_orig_fullx	INDEL	50.0	204	9	150	0.95775	0.57627	0.71958
illumina_orig_fullx	ALL	50.0	25891	223	415	0.99146	0.98422	0.98783
illumina_orig_fullx	SNP	100.0	25644	184	308	0.99288	0.98813	0.9905
illumina_orig_fullx	INDEL	100.0	195	7	159	0.96535	0.55085	0.70144
illumina_orig_fullx	ALL	100.0	25839	191	467	0.99266	0.98225	0.98743
illumina_illumina8_5x	SNP	0.0	24551	277	1401	0.98884	0.94602	0.96696
illumina_illumina8_5x	INDEL	0.0	160	8	194	0.95238	0.45198	0.61303
illumina_illumina8_5x	ALL	0.0	24711	285	1595	0.9886	0.93937	0.96335
illumina_illumina8_5x	SNP	10.0	22549	167	3403	0.99265	0.86887	0.92665
illumina_illumina8_5x	INDEL	10.0	157	8	197	0.95152	0.4435	0.60501
illumina_illumina8_5x	ALL	10.0	22706	175	3600	0.99235	0.86315	0.92325
illumina_illumina8_5x	SNP	20.0	22426	156	3526	0.99309	0.86413	0.92414
illumina_illumina8_5x	INDEL	20.0	149	7	205	0.95513	0.4209	0.58431
illumina_illumina8_5x	ALL	20.0	22575	163	3731	0.99283	0.85817	0.9206
illumina_illumina8_5x	SNP	30.0	22126	139	3826	0.99376	0.85257	0.91777
illumina_illumina8_5x	INDEL	30.0	147	6	207	0.96078	0.41525	0.57988
illumina_illumina8_5x	ALL	30.0	22273	145	4033	0.99353	0.84669	0.91425
illumina_illumina8_5x	SNP	50.0	18855	76	7097	0.99599	0.72653	0.84018
illumina_illumina8_5x	INDEL	50.0	128	5	226	0.96241	0.36158	0.52567
illumina_illumina8_5x	ALL	50.0	18983	81	7323	0.99575	0.72162	0.83681
illumina_illumina8_5x	SNP	100.0	12313	29	13639	0.99765	0.47445	0.64308
illumina_illumina8_5x	INDEL	100.0	83	2	271	0.97647	0.23446	0.37813
illumina_illumina8_5x	ALL	100.0	12396	31	13910	0.99751	0.47122	0.64007
illumina_illumina8_15x	SNP	0.0	25637	231	315	0.99107	0.98786	0.98946
illumina_illumina8_15x	INDEL	0.0	197	12	157	0.94258	0.5565	0.69982
illumina_illumina8_15x	ALL	0.0	25834	243	472	0.99068	0.98206	0.98635
illumina_illumina8_15x	SNP	10.0	25522	198	430	0.9923	0.98343	0.98785
illumina_illumina8_15x	INDEL	10.0	193	10	161	0.95074	0.5452	0.693
illumina_illumina8_15x	ALL	10.0	25715	208	591	0.99198	0.97753	0.9847
illumina_illumina8_15x	SNP	20.0	25508	191	444	0.99257	0.98289	0.98771
illumina_illumina8_15x	INDEL	20.0	191	9	163	0.955	0.53955	0.68953
illumina_illumina8_15x	ALL	20.0	25699	200	607	0.99228	0.97693	0.98454
illumina_illumina8_15x	SNP	30.0	25479	184	473	0.99283	0.98177	0.98727
illumina_illumina8_15x	INDEL	30.0	189	8	165	0.95939	0.5339	0.68603
illumina_illumina8_15x	ALL	30.0	25668	192	638	0.99258	0.97575	0.98409
illumina_illumina8_15x	SNP	50.0	25291	159	661	0.99375	0.97453	0.98405
illumina_illumina8_15x	INDEL	50.0	180	8	174	0.95745	0.50847	0.66421
illumina_illumina8_15x	ALL	50.0	25471	167	835	0.99349	0.96826	0.98071
illumina_illumina8_15x	SNP	100.0	24439	107	1513	0.99564	0.9417	0.96792
illumina_illumina8_15x	INDEL	100.0	164	6	190	0.96471	0.46328	0.62595
illumina_illumina8_15x	ALL	100.0	24603	113	1703	0.99543	0.93526	0.96441
illumina_illumina8_30x	SNP	0.0	25703	266	249	0.98976	0.99041	0.99008
illumina_illumina8_30x	INDEL	0.0	204	11	150	0.94884	0.57627	0.71705
illumina_illumina8_30x	ALL	0.0	25907	277	399	0.98942	0.98483	0.98712
illumina_illumina8_30x	SNP	10.0	25681	243	271	0.99063	0.98956	0.99009
illumina_illumina8_30x	INDEL	10.0	204	11	150	0.94884	0.57627	0.71705
illumina_illumina8_30x	ALL	10.0	25885	254	421	0.99028	0.984	0.98713
illumina_illumina8_30x	SNP	20.0	25676	237	276	0.99085	0.98936	0.99011
illumina_illumina8_30x	INDEL	20.0	202	10	152	0.95283	0.57062	0.71378
illumina_illumina8_30x	ALL	20.0	25878	247	428	0.99055	0.98373	0.98713
illumina_illumina8_30x	SNP	30.0	25665	231	287	0.99108	0.98894	0.99001
illumina_illumina8_30x	INDEL	30.0	202	10	152	0.95283	0.57062	0.71378
illumina_illumina8_30x	ALL	30.0	25867	241	439	0.99077	0.98331	0.98703
illumina_illumina8_30x	SNP	50.0	25628	208	324	0.99195	0.98752	0.98973
illumina_illumina8_30x	INDEL	50.0	197	8	157	0.96098	0.5565	0.70483
illumina_illumina8_30x	ALL	50.0	25825	216	481	0.99171	0.98172	0.98669
illumina_illumina8_30x	SNP	100.0	25510	167	442	0.9935	0.98297	0.9882
illumina_illumina8_30x	INDEL	100.0	183	8	171	0.95812	0.51695	0.67156
illumina_illumina8_30x	ALL	100.0	25693	175	613	0.99323	0.9767	0.9849
illumina_illumina8_fullx	SNP	0.0	25721	266	231	0.98976	0.9911	0.99043
illumina_illumina8_fullx	INDEL	0.0	206	13	148	0.94064	0.58192	0.71902
illumina_illumina8_fullx	ALL	0.0	25927	279	379	0.98935	0.98559	0.98747
illumina_illumina8_fullx	SNP	10.0	25708	248	244	0.99045	0.9906	0.99052
illumina_illumina8_fullx	INDEL	10.0	206	12	148	0.94495	0.58192	0.72028
illumina_illumina8_fullx	ALL	10.0	25914	260	392	0.99007	0.9851	0.98758
illumina_illumina8_fullx	SNP	20.0	25703	240	249	0.99075	0.99041	0.99058
illumina_illumina8_fullx	INDEL	20.0	206	12	148	0.94495	0.58192	0.72028
illumina_illumina8_fullx	ALL	20.0	25909	252	397	0.99037	0.98491	0.98763
illumina_illumina8_fullx	SNP	30.0	25696	230	256	0.99113	0.99014	0.99063
illumina_illumina8_fullx	INDEL	30.0	205	10	149	0.95349	0.5791	0.72056
illumina_illumina8_fullx	ALL	30.0	25901	240	405	0.99082	0.9846	0.9877
illumina_illumina8_fullx	SNP	50.0	25687	215	265	0.9917	0.98979	0.99074
illumina_illumina8_fullx	INDEL	50.0	204	9	150	0.95775	0.57627	0.71958
illumina_illumina8_fullx	ALL	50.0	25891	224	415	0.99142	0.98422	0.98781
illumina_illumina8_fullx	SNP	100.0	25644	184	308	0.99288	0.98813	0.9905
illumina_illumina8_fullx	INDEL	100.0	193	7	161	0.965	0.5452	0.69675
illumina_illumina8_fullx	ALL	100.0	25837	191	469	0.99266	0.98217	0.98739
illumina_bin4_5x	SNP	0.0	24535	285	1417	0.98852	0.9454	0.96648
illumina_bin4_5x	INDEL	0.0	159	8	195	0.9521	0.44915	0.61036
illumina_bin4_5x	ALL	0.0	24694	293	1612	0.98827	0.93872	0.96286
illumina_bin4_5x	SNP	10.0	22344	162	3608	0.9928	0.86097	0.9222
illumina_bin4_5x	INDEL	10.0	157	8	197	0.95152	0.4435	0.60501
illumina_bin4_5x	ALL	10.0	22501	170	3805	0.9925	0.85536	0.91884
illumina_bin4_5x	SNP	20.0	22318	154	3634	0.99315	0.85997	0.92177
illumina_bin4_5x	INDEL	20.0	150	7	204	0.95541	0.42373	0.58708
illumina_bin4_5x	ALL	20.0	22468	161	3838	0.99289	0.8541	0.91828
illumina_bin4_5x	SNP	30.0	22093	139	3859	0.99375	0.8513	0.91703
illumina_bin4_5x	INDEL	30.0	148	6	206	0.96104	0.41808	0.58268
illumina_bin4_5x	ALL	30.0	22241	145	4065	0.99352	0.84547	0.91354
illumina_bin4_5x	SNP	50.0	18560	76	7392	0.99592	0.71517	0.83251
illumina_bin4_5x	INDEL	50.0	131	5	223	0.96324	0.37006	0.53469
illumina_bin4_5x	ALL	50.0	18691	81	7615	0.99569	0.71052	0.82927
illumina_bin4_5x	SNP	100.0	12127	29	13825	0.99761	0.46729	0.63645
illumina_bin4_5x	INDEL	100.0	83	2	271	0.97647	0.23446	0.37813
illumina_bin4_5x	ALL	100.0	12210	31	14096	0.99747	0.46415	0.63351
illumina_bin4_15x	SNP	0.0	25632	231	320	0.99107	0.98767	0.98937
illumina_bin4_15x	INDEL	0.0	198	12	156	0.94286	0.55932	0.70213
illumina_bin4_15x	ALL	0.0	25830	243	476	0.99068	0.98191	0.98627
illumina_bin4_15x	SNP	10.0	25507	200	445	0.99222	0.98285	0.98751
illumina_bin4_15x	INDEL	10.0	194	10	160	0.95098	0.54802	0.69534
illumina_bin4_15x	ALL	10.0	25701	210	605	0.9919	0.977	0.98439
illumina_bin4_15x	SNP	20.0	25503	191	449	0.99257	0.9827	0.98761
illumina_bin4_15x	INDEL	20.0	190	9	164	0.95477	0.53672	0.68716
illumina_bin4_15x	ALL	20.0	25693	200	613	0.99228	0.9767	0.98442
illumina_bin4_15x	SNP	30.0	25478	184	474	0.99283	0.98174	0.98725
illumina_bin4_15x	INDEL	30.0	189	9	165	0.95455	0.5339	0.68478
illumina_bin4_15x	ALL	30.0	25667	193	639	0.99254	0.97571	0.98405
illumina_bin4_15x	SNP	50.0	25262	158	690	0.99378	0.97341	0.98349
illumina_bin4_15x	INDEL	50.0	181	8	173	0.95767	0.5113	0.66667
illumina_bin4_15x	ALL	50.0	25443	166	863	0.99352	0.96719	0.98018
illumina_bin4_15x	SNP	100.0	24381	104	1571	0.99575	0.93947	0.96679
illumina_bin4_15x	INDEL	100.0	165	6	189	0.96491	0.4661	0.62857
illumina_bin4_15x	ALL	100.0	24546	110	1760	0.99554	0.9331	0.96331
illumina_bin4_30x	SNP	0.0	25704	267	248	0.98972	0.99044	0.99008
illumina_bin4_30x	INDEL	0.0	204	12	150	0.94444	0.57627	0.71579
illumina_bin4_30x	ALL	0.0	25908	279	398	0.98935	0.98487	0.9871
illumina_bin4_30x	SNP	10.0	25678	241	274	0.9907	0.98944	0.99007
illumina_bin4_30x	INDEL	10.0	204	11	150	0.94884	0.57627	0.71705
illumina_bin4_30x	ALL	10.0	25882	252	424	0.99036	0.98388	0.98711
illumina_bin4_30x	SNP	20.0	25670	237	282	0.99085	0.98913	0.98999
illumina_bin4_30x	INDEL	20.0	202	10	152	0.95283	0.57062	0.71378
illumina_bin4_30x	ALL	20.0	25872	247	434	0.99054	0.9835	0.98701
illumina_bin4_30x	SNP	30.0	25662	232	290	0.99104	0.98883	0.98993
illumina_bin4_30x	INDEL	30.0	202	10	152	0.95283	0.57062	0.71378
illumina_bin4_30x	ALL	30.0	25864	242	442	0.99073	0.9832	0.98695
illumina_bin4_30x	SNP	50.0	25626	206	326	0.99203	0.98744	0.98973
illumina_bin4_30x	INDEL	50.0	197	8	157	0.96098	0.5565	0.70483
illumina_bin4_30x	ALL	50.0	25823	214	483	0.99178	0.98164	0.98668
illumina_bin4_30x	SNP	100.0	25505	169	447	0.99342	0.98278	0.98807
illumina_bin4_30x	INDEL	100.0	184	8	170	0.95833	0.51977	0.67399
illumina_bin4_30x	ALL	100.0	25689	177	617	0.99316	0.97655	0.98478
illumina_bin4_fullx	SNP	0.0	25721	262	231	0.98992	0.9911	0.99051
illumina_bin4_fullx	INDEL	0.0	206	13	148	0.94064	0.58192	0.71902
illumina_bin4_fullx	ALL	0.0	25927	275	379	0.9895	0.98559	0.98754
illumina_bin4_fullx	SNP	10.0	25708	245	244	0.99056	0.9906	0.99058
illumina_bin4_fullx	INDEL	10.0	206	13	148	0.94064	0.58192	0.71902
illumina_bin4_fullx	ALL	10.0	25914	258	392	0.99014	0.9851	0.98761
illumina_bin4_fullx	SNP	20.0	25703	237	249	0.99086	0.99041	0.99063
illumina_bin4_fullx	INDEL	20.0	206	12	148	0.94495	0.58192	0.72028
illumina_bin4_fullx	ALL	20.0	25909	249	397	0.99048	0.98491	0.98769
illumina_bin4_fullx	SNP	30.0	25697	231	255	0.99109	0.99017	0.99063
illumina_bin4_fullx	INDEL	30.0	205	10	149	0.95349	0.5791	0.72056
illumina_bin4_fullx	ALL	30.0	25902	241	404	0.99078	0.98464	0.9877
illumina_bin4_fullx	SNP	50.0	25688	214	264	0.99174	0.98983	0.99078
illumina_bin4_fullx	INDEL	50.0	204	9	150	0.95775	0.57627	0.71958
illumina_bin4_fullx	ALL	50.0	25892	223	414	0.99146	0.98426	0.98785
illumina_bin4_fullx	SNP	100.0	25641	184	311	0.99288	0.98802	0.99044
illumina_bin4_fullx	INDEL	100.0	195	7	159	0.96535	0.55085	0.70144
illumina_bin4_fullx	ALL	100.0	25836	191	470	0.99266	0.98213	0.98737
illumina_bin2_5x	SNP	0.0	24694	397	1258	0.98418	0.95153	0.96758
illumina_bin2_5x	INDEL	0.0	159	8	195	0.9521	0.44915	0.61036
illumina_bin2_5x	ALL	0.0	24853	405	1453	0.98397	0.94477	0.96397
illumina_bin2_5x	SNP	10.0	22343	160	3609	0.99289	0.86094	0.92222
illumina_bin2_5x	INDEL	10.0	157	8	197	0.95152	0.4435	0.60501
illumina_bin2_5x	ALL	10.0	22500	168	3806	0.99259	0.85532	0.91885
illumina_bin2_5x	SNP	20.0	22336	151	3616	0.99329	0.86067	0.92223
illumina_bin2_5x	INDEL	20.0	151	7	203	0.9557	0.42655	0.58984
illumina_bin2_5x	ALL	20.0	22487	158	3819	0.99302	0.85482	0.91876
illumina_bin2_5x	SNP	30.0	22325	146	3627	0.9935	0.86024	0.92208
illumina_bin2_5x	INDEL	30.0	147	6	207	0.96078	0.41525	0.57988
illumina_bin2_5x	ALL	30.0	22472	152	3834	0.99328	0.85425	0.91854
illumina_bin2_5x	SNP	50.0	18639	75	7313	0.99599	0.71821	0.83459
illumina_bin2_5x	INDEL	50.0	129	5	225	0.96269	0.36441	0.52869
illumina_bin2_5x	ALL	50.0	18768	80	7538	0.99576	0.71345	0.83129
illumina_bin2_5x	SNP	100.0	12639	32	13313	0.99747	0.48701	0.65448
illumina_bin2_5x	INDEL	100.0	83	2	271	0.97647	0.23446	0.37813
illumina_bin2_5x	ALL	100.0	12722	34	13584	0.99733	0.48362	0.65137
illumina_bin2_15x	SNP	0.0	25638	239	314	0.99076	0.9879	0.98933
illumina_bin2_15x	INDEL	0.0	197	12	157	0.94258	0.5565	0.69982
illumina_bin2_15x	ALL	0.0	25835	251	471	0.99038	0.9821	0.98622
illumina_bin2_15x	SNP	10.0	25506	198	446	0.9923	0.98281	0.98753
illumina_bin2_15x	INDEL	10.0	193	10	161	0.95074	0.5452	0.693
illumina_bin2_15x	ALL	10.0	25699	208	607	0.99197	0.97693	0.98439
illumina_bin2_15x	SNP	20.0	25503	192	449	0.99253	0.9827	0.98759
illumina_bin2_15x	INDEL	20.0	191	9	163	0.955	0.53955	0.68953
illumina_bin2_15x	ALL	20.0	25694	201	612	0.99224	0.97674	0.98443
illumina_bin2_15x	SNP	30.0	25488	185	464	0.99279	0.98212	0.98743
illumina_bin2_15x	INDEL	30.0	189	9	165	0.95455	0.5339	0.68478
illumina_bin2_15x	ALL	30.0	25677	194	629	0.9925	0.97609	0.98423
illumina_bin2_15x	SNP	50.0	25270	161	682	0.99367	0.97372	0.98359
illumina_bin2_15x	INDEL	50.0	180	8	174	0.95745	0.50847	0.66421
illumina_bin2_15x	ALL	50.0	25450	169	856	0.9934	0.96746	0.98026
illumina_bin2_15x	SNP	100.0	24451	107	1501	0.99564	0.94216	0.96816
illumina_bin2_15x	INDEL	100.0	165	6	189	0.96491	0.4661	0.62857
illumina_bin2_15x	ALL	100.0	24616	113	1690	0.99543	0.93576	0.96467
illumina_bin2_30x	SNP	0.0	25702	277	250	0.98934	0.99037	0.98985
illumina_bin2_30x	INDEL	0.0	204	11	150	0.94884	0.57627	0.71705
illumina_bin2_30x	ALL	0.0	25906	288	400	0.98901	0.98479	0.9869
illumina_bin2_30x	SNP	10.0	25678	241	274	0.9907	0.98944	0.99007
illumina_bin2_30x	INDEL	10.0	204	11	150	0.94884	0.57627	0.71705
illumina_bin2_30x	ALL	10.0	25882	252	424	0.99036	0.98388	0.98711
illumina_bin2_30x	SNP	20.0	25670	237	282	0.99085	0.98913	0.98999
illumina_bin2_30x	INDEL	20.0	202	10	152	0.95283	0.57062	0.71378
illumina_bin2_30x	ALL	20.0	25872	247	434	0.99054	0.9835	0.98701
illumina_bin2_30x	SNP	30.0	25667	232	285	0.99104	0.98902	0.99003
illumina_bin2_30x	INDEL	30.0	202	10	152	0.95283	0.57062	0.71378
illumina_bin2_30x	ALL	30.0	25869	242	437	0.99073	0.98339	0.98705
illumina_bin2_30x	SNP	50.0	25631	207	321	0.99199	0.98763	0.9898
illumina_bin2_30x	INDEL	50.0	196	8	158	0.96078	0.55367	0.70251
illumina_bin2_30x	ALL	50.0	25827	215	479	0.99174	0.98179	0.98674
illumina_bin2_30x	SNP	100.0	25508	169	444	0.99342	0.98289	0.98813
illumina_bin2_30x	INDEL	100.0	184	8	170	0.95833	0.51977	0.67399
illumina_bin2_30x	ALL	100.0	25692	177	614	0.99316	0.97666	0.98484
illumina_bin2_fullx	SNP	0.0	25722	269	230	0.98965	0.99114	0.99039
illumina_bin2_fullx	INDEL	0.0	206	13	148	0.94064	0.58192	0.71902
illumina_bin2_fullx	ALL	0.0	25928	282	378	0.98924	0.98563	0.98743
illumina_bin2_fullx	SNP	10.0	25705	245	247	0.99056	0.99048	0.99052
illumina_bin2_fullx	INDEL	10.0	206	13	148	0.94064	0.58192	0.71902
illumina_bin2_fullx	ALL	10.0	25911	258	395	0.99014	0.98498	0.98756
illumina_bin2_fullx	SNP	20.0	25702	239	250	0.99079	0.99037	0.99058
illumina_bin2_fullx	INDEL	20.0	206	12	148	0.94495	0.58192	0.72028
illumina_bin2_fullx	ALL	20.0	25908	251	398	0.9904	0.98487	0.98763
illumina_bin2_fullx	SNP	30.0	25696	230	256	0.99113	0.99014	0.99063
illumina_bin2_fullx	INDEL	30.0	205	10	149	0.95349	0.5791	0.72056
illumina_bin2_fullx	ALL	30.0	25901	240	405	0.99082	0.9846	0.9877
illumina_bin2_fullx	SNP	50.0	25686	212	266	0.99181	0.98975	0.99078
illumina_bin2_fullx	INDEL	50.0	204	9	150	0.95775	0.57627	0.71958
illumina_bin2_fullx	ALL	50.0	25890	221	416	0.99154	0.98419	0.98785
illumina_bin2_fullx	SNP	100.0	25645	184	307	0.99288	0.98817	0.99052
illumina_bin2_fullx	INDEL	100.0	195	7	159	0.96535	0.55085	0.70144
illumina_bin2_fullx	ALL	100.0	25840	191	466	0.99266	0.98229	0.98745
illumina_noqual_5x	SNP	0.0	24751	1372	1201	0.94748	0.95372	0.95059
illumina_noqual_5x	INDEL	0.0	157	8	197	0.95152	0.4435	0.60501
illumina_noqual_5x	ALL	0.0	24908	1380	1398	0.9475	0.94686	0.94718
illumina_noqual_5x	SNP	10.0	22556	171	3396	0.99248	0.86914	0.92672
illumina_noqual_5x	INDEL	10.0	156	8	198	0.95122	0.44068	0.60232
illumina_noqual_5x	ALL	10.0	22712	179	3594	0.99218	0.86338	0.92331
illumina_noqual_5x	SNP	20.0	22542	167	3410	0.99265	0.8686	0.92649
illumina_noqual_5x	INDEL	20.0	147	6	207	0.96078	0.41525	0.57988
illumina_noqual_5x	ALL	20.0	22689	173	3617	0.99243	0.8625	0.92292
illumina_noqual_5x	SNP	30.0	20645	113	5307	0.99456	0.79551	0.88396
illumina_noqual_5x	INDEL	30.0	143	5	211	0.96622	0.40395	0.56972
illumina_noqual_5x	ALL	30.0	20788	118	5518	0.99436	0.79024	0.88062
illumina_noqual_5x	SNP	50.0	17852	53	8100	0.99704	0.68789	0.8141
illumina_noqual_5x	INDEL	50.0	124	5	230	0.96124	0.35028	0.51346
illumina_noqual_5x	ALL	50.0	17976	58	8330	0.99678	0.68334	0.81083
illumina_noqual_5x	SNP	100.0	8851	19	17101	0.99786	0.34105	0.50836
illumina_noqual_5x	INDEL	100.0	79	2	275	0.97531	0.22316	0.36322
illumina_noqual_5x	ALL	100.0	8930	21	17376	0.99765	0.33947	0.50657
illumina_noqual_15x	SNP	0.0	25633	257	319	0.99007	0.98771	0.98889
illumina_noqual_15x	INDEL	0.0	195	11	159	0.9466	0.55085	0.69643
illumina_noqual_15x	ALL	0.0	25828	268	478	0.98973	0.98183	0.98576
illumina_noqual_15x	SNP	10.0	25524	200	428	0.99223	0.98351	0.98785
illumina_noqual_15x	INDEL	10.0	194	9	160	0.95567	0.54802	0.69659
illumina_noqual_15x	ALL	10.0	25718	209	588	0.99194	0.97765	0.98474
illumina_noqual_15x	SNP	20.0	25520	191	432	0.99257	0.98335	0.98794
illumina_noqual_15x	INDEL	20.0	190	8	164	0.9596	0.53672	0.68841
illumina_noqual_15x	ALL	20.0	25710	199	596	0.99232	0.97734	0.98477
illumina_noqual_15x	SNP	30.0	25390	174	562	0.99319	0.97834	0.98571
illumina_noqual_15x	INDEL	30.0	185	8	169	0.95855	0.5226	0.67642
illumina_noqual_15x	ALL	30.0	25575	182	731	0.99293	0.97221	0.98246
illumina_noqual_15x	SNP	50.0	25216	136	736	0.99464	0.97164	0.983
illumina_noqual_15x	INDEL	50.0	178	8	176	0.95699	0.50282	0.65926
illumina_noqual_15x	ALL	50.0	25394	144	912	0.99436	0.96533	0.97963
illumina_noqual_15x	SNP	100.0	23671	79	2281	0.99667	0.91211	0.95252
illumina_noqual_15x	INDEL	100.0	161	6	193	0.96407	0.4548	0.61804
illumina_noqual_15x	ALL	100.0	23832	85	2474	0.99645	0.90595	0.94905
illumina_noqual_30x	SNP	0.0	25702	288	250	0.98892	0.99037	0.98964
illumina_noqual_30x	INDEL	0.0	202	11	152	0.94836	0.57062	0.71252
illumina_noqual_30x	ALL	0.0	25904	299	402	0.98859	0.98472	0.98665
illumina_noqual_30x	SNP	10.0	25683	241	269	0.9907	0.98963	0.99017
illumina_noqual_30x	INDEL	10.0	202	11	152	0.94836	0.57062	0.71252
illumina_noqual_30x	ALL	10.0	25885	252	421	0.99036	0.984	0.98717
illumina_noqual_30x	SNP	20.0	25674	239	278	0.99078	0.98929	0.99003
illumina_noqual_30x	INDEL	20.0	201	10	153	0.95261	0.5678	0.7115
illumina_noqual_30x	ALL	20.0	25875	249	431	0.99047	0.98362	0.98703
illumina_noqual_30x	SNP	30.0	25641	217	311	0.99161	0.98802	0.98981
illumina_noqual_30x	INDEL	30.0	198	10	156	0.95192	0.55932	0.70463
illumina_noqual_30x	ALL	30.0	25839	227	467	0.99129	0.98225	0.98675
illumina_noqual_30x	SNP	50.0	25607	198	345	0.99233	0.98671	0.98951
illumina_noqual_30x	INDEL	50.0	193	8	161	0.9602	0.5452	0.6955
illumina_noqual_30x	ALL	50.0	25800	206	506	0.99208	0.98076	0.98639
illumina_noqual_30x	SNP	100.0	25397	154	555	0.99397	0.97861	0.98623
illumina_noqual_30x	INDEL	100.0	182	8	172	0.95789	0.51412	0.66912
illumina_noqual_30x	ALL	100.0	25579	162	727	0.99371	0.97236	0.98292
illumina_noqual_fullx	SNP	0.0	25722	289	230	0.98889	0.99114	0.99001
illumina_noqual_fullx	INDEL	0.0	209	13	145	0.94144	0.5904	0.72569
illumina_noqual_fullx	ALL	0.0	25931	302	375	0.98849	0.98574	0.98711
illumina_noqual_fullx	SNP	10.0	25710	254	242	0.99022	0.99068	0.99045
illumina_noqual_fullx	INDEL	10.0	209	12	145	0.9457	0.5904	0.72696
illumina_noqual_fullx	ALL	10.0	25919	266	387	0.98984	0.98529	0.98756
illumina_noqual_fullx	SNP	20.0	25703	237	249	0.99086	0.99041	0.99063
illumina_noqual_fullx	INDEL	20.0	206	11	148	0.94931	0.58192	0.72154
illumina_noqual_fullx	ALL	20.0	25909	248	397	0.99052	0.98491	0.98771
illumina_noqual_fullx	SNP	30.0	25695	226	257	0.99128	0.9901	0.99069
illumina_noqual_fullx	INDEL	30.0	206	11	148	0.94931	0.58192	0.72154
illumina_noqual_fullx	ALL	30.0	25901	237	405	0.99093	0.9846	0.98776
illumina_noqual_fullx	SNP	50.0	25678	213	274	0.99177	0.98944	0.99061
illumina_noqual_fullx	INDEL	50.0	203	9	151	0.95755	0.57345	0.71731
illumina_noqual_fullx	ALL	50.0	25881	222	425	0.9915	0.98384	0.98765
illumina_noqual_fullx	SNP	100.0	25631	180	321	0.99303	0.98763	0.99032
illumina_noqual_fullx	INDEL	100.0	193	7	161	0.965	0.5452	0.69675
illumina_noqual_fullx	ALL	100.0	25824	187	482	0.99281	0.98168	0.98721
ont_orig_15x	SNP	0.0	25840	356	112	0.98641	0.99568	0.99103
ont_orig_15x	INDEL	0.0	215	263	139	0.44979	0.60734	0.51683
ont_orig_15x	ALL	0.0	26055	619	251	0.97679	0.99046	0.98358
ont_orig_15x	SNP	10.0	25835	336	117	0.98716	0.99549	0.99131
ont_orig_15x	INDEL	10.0	211	233	143	0.47523	0.59605	0.52882
ont_orig_15x	ALL	10.0	26046	569	260	0.97862	0.99012	0.98434
ont_orig_15x	SNP	20.0	25822	326	130	0.98753	0.99499	0.99125
ont_orig_15x	INDEL	20.0	201	206	153	0.49386	0.5678	0.52825
ont_orig_15x	ALL	20.0	26023	532	283	0.97997	0.98924	0.98458
ont_orig_15x	SNP	30.0	25791	317	161	0.98786	0.9938	0.99082
ont_orig_15x	INDEL	30.0	193	181	161	0.51604	0.5452	0.53022
ont_orig_15x	ALL	30.0	25984	498	322	0.98119	0.98776	0.98447
ont_orig_15x	SNP	50.0	25688	296	264	0.98861	0.98983	0.98922
ont_orig_15x	INDEL	50.0	166	147	188	0.53035	0.46893	0.49775
ont_orig_15x	ALL	50.0	25854	443	452	0.98315	0.98282	0.98299
ont_orig_15x	SNP	100.0	24637	259	1315	0.9896	0.94933	0.96904
ont_orig_15x	INDEL	100.0	76	50	278	0.60317	0.21469	0.31667
ont_orig_15x	ALL	100.0	24713	309	1593	0.98765	0.93944	0.96294
ont_orig_30x	SNP	0.0	25852	373	100	0.98578	0.99615	0.99093
ont_orig_30x	INDEL	0.0	225	269	129	0.45547	0.63559	0.53066
ont_orig_30x	ALL	0.0	26077	642	229	0.97597	0.99129	0.98357
ont_orig_30x	SNP	10.0	25847	349	105	0.98668	0.99595	0.99129
ont_orig_30x	INDEL	10.0	220	251	134	0.46709	0.62147	0.53333
ont_orig_30x	ALL	10.0	26067	600	239	0.9775	0.99091	0.98416
ont_orig_30x	SNP	20.0	25846	334	106	0.98724	0.99592	0.99156
ont_orig_30x	INDEL	20.0	216	234	138	0.48	0.61017	0.53731
ont_orig_30x	ALL	20.0	26062	568	244	0.97867	0.99072	0.98466
ont_orig_30x	SNP	30.0	25842	319	110	0.98781	0.99576	0.99177
ont_orig_30x	INDEL	30.0	209	212	145	0.49644	0.5904	0.53935
ont_orig_30x	ALL	30.0	26051	531	255	0.98002	0.99031	0.98514
ont_orig_30x	SNP	50.0	25838	293	114	0.98879	0.99561	0.99219
ont_orig_30x	INDEL	50.0	199	184	155	0.51958	0.56215	0.54003
ont_orig_30x	ALL	50.0	26037	477	269	0.98201	0.98977	0.98588
ont_orig_30x	SNP	100.0	25771	277	181	0.98937	0.99303	0.99119
ont_orig_30x	INDEL	100.0	143	134	211	0.51625	0.40395	0.45325
ont_orig_30x	ALL	100.0	25914	411	392	0.98439	0.9851	0.98474
ont_orig_fullx	SNP	0.0	25853	423	99	0.9839	0.99619	0.99001
ont_orig_fullx	INDEL	0.0	226	263	128	0.46217	0.63842	0.53618
ont_orig_fullx	ALL	0.0	26079	686	227	0.97437	0.99137	0.9828
ont_orig_fullx	SNP	10.0	25850	407	102	0.9845	0.99607	0.99025
ont_orig_fullx	INDEL	10.0	223	248	131	0.47346	0.62994	0.54061
ont_orig_fullx	ALL	10.0	26073	655	233	0.97549	0.99114	0.98326
ont_orig_fullx	SNP	20.0	25847	389	105	0.98517	0.99595	0.99053
ont_orig_fullx	INDEL	20.0	214	220	140	0.49309	0.60452	0.54315
ont_orig_fullx	ALL	20.0	26061	609	245	0.97717	0.99069	0.98388
ont_orig_fullx	SNP	30.0	25844	370	108	0.98589	0.99584	0.99084
ont_orig_fullx	INDEL	30.0	207	204	147	0.50365	0.58475	0.54118
ont_orig_fullx	ALL	30.0	26051	574	255	0.97844	0.99031	0.98434
ont_orig_fullx	SNP	50.0	25838	339	114	0.98705	0.99561	0.99131
ont_orig_fullx	INDEL	50.0	195	181	159	0.51862	0.55085	0.53425
ont_orig_fullx	ALL	50.0	26033	520	273	0.98042	0.98962	0.985
ont_orig_fullx	SNP	100.0	25821	306	131	0.98829	0.99495	0.99161
ont_orig_fullx	INDEL	100.0	158	157	196	0.50159	0.44633	0.47235
ont_orig_fullx	ALL	100.0	25979	463	327	0.98249	0.98757	0.98502
ont_bin4_15x	SNP	0.0	25840	353	112	0.98652	0.99568	0.99108
ont_bin4_15x	INDEL	0.0	215	263	139	0.44979	0.60734	0.51683
ont_bin4_15x	ALL	0.0	26055	616	251	0.9769	0.99046	0.98363
ont_bin4_15x	SNP	10.0	25832	337	120	0.98712	0.99538	0.99123
ont_bin4_15x	INDEL	10.0	210	231	144	0.47619	0.59322	0.5283
ont_bin4_15x	ALL	10.0	26042	568	264	0.97865	0.98996	0.98428
ont_bin4_15x	SNP	20.0	25818	327	134	0.98749	0.99484	0.99115
ont_bin4_15x	INDEL	20.0	202	206	152	0.4951	0.57062	0.53018
ont_bin4_15x	ALL	20.0	26020	533	286	0.97993	0.98913	0.98451
ont_bin4_15x	SNP	30.0	25797	320	155	0.98775	0.99403	0.99088
ont_bin4_15x	INDEL	30.0	193	181	161	0.51604	0.5452	0.53022
ont_bin4_15x	ALL	30.0	25990	501	316	0.98109	0.98799	0.98453
ont_bin4_15x	SNP	50.0	25703	298	249	0.98854	0.99041	0.98947
ont_bin4_15x	INDEL	50.0	166	147	188	0.53035	0.46893	0.49775
ont_bin4_15x	ALL	50.0	25869	445	437	0.98309	0.98339	0.98324
ont_bin4_15x	SNP	100.0	24768	263	1184	0.98949	0.95438	0.97162
ont_bin4_15x	INDEL	100.0	76	50	278	0.60317	0.21469	0.31667
ont_bin4_15x	ALL	100.0	24844	313	1462	0.98756	0.94442	0.96551
ont_bin4_30x	SNP	0.0	25852	372	100	0.98581	0.99615	0.99095
ont_bin4_30x	INDEL	0.0	225	269	129	0.45547	0.63559	0.53066
ont_bin4_30x	ALL	0.0	26077	641	229	0.97601	0.99129	0.98359
ont_bin4_30x	SNP	10.0	25848	351	104	0.9866	0.99599	0.99128
ont_bin4_30x	INDEL	10.0	220	250	134	0.46809	0.62147	0.53398
ont_bin4_30x	ALL	10.0	26068	601	238	0.97746	0.99095	0.98416
ont_bin4_30x	SNP	20.0	25846	338	106	0.98709	0.99592	0.99148
ont_bin4_30x	INDEL	20.0	216	233	138	0.48107	0.61017	0.53798
ont_bin4_30x	ALL	20.0	26062	571	244	0.97856	0.99072	0.9846
ont_bin4_30x	SNP	30.0	25842	320	110	0.98777	0.99576	0.99175
ont_bin4_30x	INDEL	30.0	209	212	145	0.49644	0.5904	0.53935
ont_bin4_30x	ALL	30.0	26051	532	255	0.97999	0.99031	0.98512
ont_bin4_30x	SNP	50.0	25837	295	115	0.98871	0.99557	0.99213
ont_bin4_30x	INDEL	50.0	199	183	155	0.52094	0.56215	0.54076
ont_bin4_30x	ALL	50.0	26036	478	270	0.98197	0.98974	0.98584
ont_bin4_30x	SNP	100.0	25772	277	180	0.98937	0.99306	0.99121
ont_bin4_30x	INDEL	100.0	143	134	211	0.51625	0.40395	0.45325
ont_bin4_30x	ALL	100.0	25915	411	391	0.98439	0.98514	0.98476
ont_bin4_fullx	SNP	0.0	25850	428	102	0.98371	0.99607	0.98985
ont_bin4_fullx	INDEL	0.0	225	263	129	0.46107	0.63559	0.53444
ont_bin4_fullx	ALL	0.0	26075	691	231	0.97418	0.99122	0.98263
ont_bin4_fullx	SNP	10.0	25848	401	104	0.98472	0.99599	0.99033
ont_bin4_fullx	INDEL	10.0	223	248	131	0.47346	0.62994	0.54061
ont_bin4_fullx	ALL	10.0	26071	649	235	0.97571	0.99107	0.98333
ont_bin4_fullx	SNP	20.0	25847	384	105	0.98536	0.99595	0.99063
ont_bin4_fullx	INDEL	20.0	214	219	140	0.49423	0.60452	0.54384
ont_bin4_fullx	ALL	20.0	26061	603	245	0.97739	0.99069	0.98399
ont_bin4_fullx	SNP	30.0	25842	370	110	0.98588	0.99576	0.9908
ont_bin4_fullx	INDEL	30.0	207	204	147	0.50365	0.58475	0.54118
ont_bin4_fullx	ALL	30.0	26049	574	257	0.97844	0.99023	0.9843
ont_bin4_fullx	SNP	50.0	25837	341	115	0.98697	0.99557	0.99125
ont_bin4_fullx	INDEL	50.0	195	181	159	0.51862	0.55085	0.53425
ont_bin4_fullx	ALL	50.0	26032	522	274	0.98034	0.98958	0.98494
ont_bin4_fullx	SNP	100.0	25820	307	132	0.98825	0.99491	0.99157
ont_bin4_fullx	INDEL	100.0	158	157	196	0.50159	0.44633	0.47235
ont_bin4_fullx	ALL	100.0	25978	464	328	0.98245	0.98753	0.98499
ont_bin2_15x	SNP	0.0	25842	366	110	0.98603	0.99576	0.99087
ont_bin2_15x	INDEL	0.0	215	263	139	0.44979	0.60734	0.51683
ont_bin2_15x	ALL	0.0	26057	629	249	0.97643	0.99053	0.98343
ont_bin2_15x	SNP	10.0	25836	346	116	0.98678	0.99553	0.99114
ont_bin2_15x	INDEL	10.0	210	231	144	0.47619	0.59322	0.5283
ont_bin2_15x	ALL	10.0	26046	577	260	0.97833	0.99012	0.98419
ont_bin2_15x	SNP	20.0	25828	331	124	0.98735	0.99522	0.99127
ont_bin2_15x	INDEL	20.0	202	206	152	0.4951	0.57062	0.53018
ont_bin2_15x	ALL	20.0	26030	537	276	0.97979	0.98951	0.98462
ont_bin2_15x	SNP	30.0	25805	322	147	0.98768	0.99434	0.99099
ont_bin2_15x	INDEL	30.0	193	181	161	0.51604	0.5452	0.53022
ont_bin2_15x	ALL	30.0	25998	503	308	0.98102	0.98829	0.98464
ont_bin2_15x	SNP	50.0	25740	303	212	0.98837	0.99183	0.9901
ont_bin2_15x	INDEL	50.0	166	147	188	0.53035	0.46893	0.49775
ont_bin2_15x	ALL	50.0	25906	450	400	0.98293	0.98479	0.98386
ont_bin2_15x	SNP	100.0	25227	277	725	0.98914	0.97206	0.98053
ont_bin2_15x	INDEL	100.0	76	50	278	0.60317	0.21469	0.31667
ont_bin2_15x	ALL	100.0	25303	327	1003	0.98724	0.96187	0.97439
ont_bin2_30x	SNP	0.0	25850	363	102	0.98615	0.99607	0.99109
ont_bin2_30x	INDEL	0.0	225	269	129	0.45547	0.63559	0.53066
ont_bin2_30x	ALL	0.0	26075	632	231	0.97634	0.99122	0.98372
ont_bin2_30x	SNP	10.0	25848	337	104	0.98713	0.99599	0.99154
ont_bin2_30x	INDEL	10.0	220	250	134	0.46809	0.62147	0.53398
ont_bin2_30x	ALL	10.0	26068	587	238	0.97798	0.99095	0.98442
ont_bin2_30x	SNP	20.0	25846	323	106	0.98766	0.99592	0.99177
ont_bin2_30x	INDEL	20.0	216	233	138	0.48107	0.61017	0.53798
ont_bin2_30x	ALL	20.0	26062	556	244	0.97911	0.99072	0.98488
ont_bin2_30x	SNP	30.0	25845	316	107	0.98792	0.99588	0.99188
ont_bin2_30x	INDEL	30.0	209	212	145	0.49644	0.5904	0.53935
ont_bin2_30x	ALL	30.0	26054	528	252	0.98014	0.99042	0.98525
ont_bin2_30x	SNP	50.0	25843	300	109	0.98852	0.9958	0.99215
ont_bin2_30x	INDEL	50.0	199	183	155	0.52094	0.56215	0.54076
ont_bin2_30x	ALL	50.0	26042	483	264	0.98179	0.98996	0.98586
ont_bin2_30x	SNP	100.0	25801	279	151	0.9893	0.99418	0.99174
ont_bin2_30x	INDEL	100.0	143	134	211	0.51625	0.40395	0.45325
ont_bin2_30x	ALL	100.0	25944	413	362	0.98433	0.98624	0.98528
ont_bin2_fullx	SNP	0.0	25849	415	103	0.9842	0.99603	0.99008
ont_bin2_fullx	INDEL	0.0	225	263	129	0.46107	0.63559	0.53444
ont_bin2_fullx	ALL	0.0	26074	678	232	0.97466	0.99118	0.98285
ont_bin2_fullx	SNP	10.0	25847	399	105	0.9848	0.99595	0.99034
ont_bin2_fullx	INDEL	10.0	223	248	131	0.47346	0.62994	0.54061
ont_bin2_fullx	ALL	10.0	26070	647	236	0.97578	0.99103	0.98335
ont_bin2_fullx	SNP	20.0	25845	389	107	0.98517	0.99588	0.9905
ont_bin2_fullx	INDEL	20.0	214	219	140	0.49423	0.60452	0.54384
ont_bin2_fullx	ALL	20.0	26059	608	247	0.9772	0.99061	0.98386
ont_bin2_fullx	SNP	30.0	25842	375	110	0.9857	0.99576	0.9907
ont_bin2_fullx	INDEL	30.0	207	204	147	0.50365	0.58475	0.54118
ont_bin2_fullx	ALL	30.0	26049	579	257	0.97826	0.99023	0.98421
ont_bin2_fullx	SNP	50.0	25835	349	117	0.98667	0.99549	0.99106
ont_bin2_fullx	INDEL	50.0	195	181	159	0.51862	0.55085	0.53425
ont_bin2_fullx	ALL	50.0	26030	530	276	0.98005	0.98951	0.98475
ont_bin2_fullx	SNP	100.0	25821	315	131	0.98795	0.99495	0.99144
ont_bin2_fullx	INDEL	100.0	158	157	196	0.50159	0.44633	0.47235
ont_bin2_fullx	ALL	100.0	25979	472	327	0.98216	0.98757	0.98486
ont_noqual_15x	SNP	0.0	25837	413	115	0.98427	0.99557	0.98989
ont_noqual_15x	INDEL	0.0	215	263	139	0.44979	0.60734	0.51683
ont_noqual_15x	ALL	0.0	26052	676	254	0.97471	0.99034	0.98246
ont_noqual_15x	SNP	10.0	25830	342	122	0.98693	0.9953	0.9911
ont_noqual_15x	INDEL	10.0	210	231	144	0.47619	0.59322	0.5283
ont_noqual_15x	ALL	10.0	26040	573	266	0.97847	0.98989	0.98415
ont_noqual_15x	SNP	20.0	25823	339	129	0.98704	0.99503	0.99102
ont_noqual_15x	INDEL	20.0	202	206	152	0.4951	0.57062	0.53018
ont_noqual_15x	ALL	20.0	26025	545	281	0.97949	0.98932	0.98438
ont_noqual_15x	SNP	30.0	25806	327	146	0.98749	0.99437	0.99092
ont_noqual_15x	INDEL	30.0	193	181	161	0.51604	0.5452	0.53022
ont_noqual_15x	ALL	30.0	25999	508	307	0.98084	0.98833	0.98457
ont_noqual_15x	SNP	50.0	25759	304	193	0.98834	0.99256	0.99045
ont_noqual_15x	INDEL	50.0	166	147	188	0.53035	0.46893	0.49775
ont_noqual_15x	ALL	50.0	25925	451	381	0.9829	0.98552	0.98421
ont_noqual_15x	SNP	100.0	25286	272	666	0.98936	0.97434	0.98179
ont_noqual_15x	INDEL	100.0	76	50	278	0.60317	0.21469	0.31667
ont_noqual_15x	ALL	100.0	25362	322	944	0.98746	0.96411	0.97565
ont_noqual_30x	SNP	0.0	25853	405	99	0.98458	0.99619	0.99035
ont_noqual_30x	INDEL	0.0	225	269	129	0.45547	0.63559	0.53066
ont_noqual_30x	ALL	0.0	26078	674	228	0.97481	0.99133	0.983
ont_noqual_30x	SNP	10.0	25849	338	103	0.98709	0.99603	0.99154
ont_noqual_30x	INDEL	10.0	220	250	134	0.46809	0.62147	0.53398
ont_noqual_30x	ALL	10.0	26069	588	237	0.97794	0.99099	0.98442
ont_noqual_30x	SNP	20.0	25846	333	106	0.98728	0.99592	0.99158
ont_noqual_30x	INDEL	20.0	216	233	138	0.48107	0.61017	0.53798
ont_noqual_30x	ALL	20.0	26062	566	244	0.97874	0.99072	0.9847
ont_noqual_30x	SNP	30.0	25844	324	108	0.98762	0.99584	0.99171
ont_noqual_30x	INDEL	30.0	209	212	145	0.49644	0.5904	0.53935
ont_noqual_30x	ALL	30.0	26053	536	253	0.97984	0.99038	0.98508
ont_noqual_30x	SNP	50.0	25832	303	120	0.98841	0.99538	0.99188
ont_noqual_30x	INDEL	50.0	199	183	155	0.52094	0.56215	0.54076
ont_noqual_30x	ALL	50.0	26031	486	275	0.98167	0.98955	0.98559
ont_noqual_30x	SNP	100.0	25792	280	160	0.98926	0.99383	0.99154
ont_noqual_30x	INDEL	100.0	143	134	211	0.51625	0.40395	0.45325
ont_noqual_30x	ALL	100.0	25935	414	371	0.98429	0.9859	0.98509
ont_noqual_fullx	SNP	0.0	25852	455	100	0.9827	0.99615	0.98938
ont_noqual_fullx	INDEL	0.0	225	263	129	0.46107	0.63559	0.53444
ont_noqual_fullx	ALL	0.0	26077	718	229	0.9732	0.99129	0.98217
ont_noqual_fullx	SNP	10.0	25851	406	101	0.98454	0.99611	0.99029
ont_noqual_fullx	INDEL	10.0	223	248	131	0.47346	0.62994	0.54061
ont_noqual_fullx	ALL	10.0	26074	654	232	0.97553	0.99118	0.98329
ont_noqual_fullx	SNP	20.0	25844	400	108	0.98476	0.99584	0.99027
ont_noqual_fullx	INDEL	20.0	214	219	140	0.49423	0.60452	0.54384
ont_noqual_fullx	ALL	20.0	26058	619	248	0.9768	0.99057	0.98364
ont_noqual_fullx	SNP	30.0	25841	376	111	0.98566	0.99572	0.99066
ont_noqual_fullx	INDEL	30.0	207	204	147	0.50365	0.58475	0.54118
ont_noqual_fullx	ALL	30.0	26048	580	258	0.97822	0.99019	0.98417
ont_noqual_fullx	SNP	50.0	25834	355	118	0.98644	0.99545	0.99093
ont_noqual_fullx	INDEL	50.0	195	181	159	0.51862	0.55085	0.53425
ont_noqual_fullx	ALL	50.0	26029	536	277	0.97982	0.98947	0.98462
ont_noqual_fullx	SNP	100.0	25797	310	155	0.98813	0.99403	0.99107
ont_noqual_fullx	INDEL	100.0	158	157	196	0.50159	0.44633	0.47235
ont_noqual_fullx	ALL	100.0	25955	467	351	0.98233	0.98666	0.98449
