accession_or_url	source	release	bytes	sha256	download_date	verified_by	note
https://ftp.ncbi.nlm.nih.gov/genbank/gbrel.txt	NCBI GenBank release notes	273.0	1235842	9e26f1821a1846aba58d9b8bee167e89355c0711995cd2f21b716a6123e5bda0	2026-10-01	Asulkhan (sha256 identical to the 2026-09-30 download)	4 tables, 516 rows; parsed CSV committed to git
https://sra-pub-run-odp.s3.amazonaws.com/sra/SRR25629153/SRR25629153	SRR25629153 [illumina_sra]		141267078	6895fc0a70b931e150cb1b56ca78627a1fb94727da861f4cdc78bb4db1d6dcad	2026-10-01	KeonMei (MD5 checked by fetch_data.py)	student B input; md5 1497698954e5c38bd87ead45205edba2
https://ftp.sra.ebi.ac.uk/vol1/fastq/SRR256/053/SRR25629153/SRR25629153_1.fastq.gz	SRR25629153 [illumina_lite_R1]		74904766	81df3c7588ed8bfde6aab5bd1c53d6eb9a1d6fae695cdf75073679a035461e73	2026-10-01	KeonMei (MD5 checked by fetch_data.py)	student B input; md5 1fcac7483fb51153f50d88d2f7bee2d1
https://ftp.sra.ebi.ac.uk/vol1/fastq/SRR256/053/SRR25629153/SRR25629153_2.fastq.gz	SRR25629153 [illumina_lite_R2]		73151641	c8c03369ffe344fd5005a302776340f07066ad3b84e83c4ca1e52d509f94e3ec	2026-10-01	KeonMei (MD5 checked by fetch_data.py)	student B input; md5 4a74bc72091bec72cd41159eb0681ccb
https://ftp.sra.ebi.ac.uk/vol1/fastq/SRR256/022/SRR25637822/SRR25637822_1.fastq.gz	SRR25637822 [ont]		571419291	266e3608c3c8924e95a5ab753421923487f28ac5f66f763ff69eb5c291329530	2026-10-01	KeonMei (MD5 checked by fetch_data.py)	student B input; md5 95b91d4734f39bde1f4bed9fc345c090
https://eutils.ncbi.nlm.nih.gov/entrez/eutils/efetch.fcgi?db=nuccore&id=NC_000913.3&rettype=fasta&retmode=text	NC_000913.3 [ref_MG1655]		4708035	6b195feda4c66140f6762742eb8b30c2652f02b45878b174f5b00ef85ecc95d7	2026-10-01	KeonMei	student B input; md5 182c4c48740aa62f1b6ca3c03afd663a
https://eutils.ncbi.nlm.nih.gov/entrez/eutils/efetch.fcgi?db=nuccore&id=NC_012967.1&rettype=fasta&retmode=text	NC_012967.1 [ref_REL606]		4696017	8c5a838b7b0d50614868d9ddc4f0789201018717df610eddf9d59461a87b91b9	2026-10-01	KeonMei	student B input; md5 c3c140bd136b729161459b8303200523
https://ont-open-data.s3.amazonaws.com/plasmid_2025.04/raw/FBC24981_rep2/pod5/FBC24981_f1e239a2_ce156b78_17.pod5	ont-open-data plasmid_2025.04 FBC24981_rep2 file 17 [pod5]		2063741552	d9530264e6748d180d59052c59b1d4042c972fa8583010e8ada5bf6188e6eaae	2026-10-01	KeonMei	student B input; md5 e19d9f1757ccccf91233f2380d4356e3
https://pricing.us-east-1.amazonaws.com/offers/v1.0/aws/AmazonS3/current/us-east-1/index.csv	AWS Price List API, AmazonS3 us-east-1 [aws_s3_prices]		159615	7e3da65e557608480220df8f90821290e01d4f0a495afa86540a088dd6d9760a	2026-10-01	KeonMei	student B input; md5 dabe0d29179bd009ad1bdf28e5aee531
https://ont-open-data.s3.amazonaws.com/plasmid_2025.04/analysis/inputs/references/full_reference/ (96 objects)	ont-open-data plasmid_2025.04 references [plasmid_refs]		517696	16acb759c70d447b7fd947e7253d915d9dea2960786dc6d4ac976a4fd3114711	2026-10-01	KeonMei	student B input; md5 bd73dcf1841ffa51eff9a7e894ced9ae
https://www.ebi.ac.uk/ena/portal/api/search?result=read_run&query=tax_tree(562)	ENA Portal API, all E. coli read runs		101011254		2026-10-01	KeonMei (row count per year checked against /count)	607,211 runs; data/tiering/ena_runs.tsv; student B tiering
https://www.ebi.ac.uk/europepmc/webservices/rest/search	Europe PMC REST, 11,497 accession queries				2026-10-01	KeonMei	answers cached in data/tiering/epmc_cache.jsonl; student B tiering
