component,release,date,bases,entries,note,date_file,date_precision
GenBank,3,1982-12-01,680338,606,,1982-12-01,month
GenBank,14,1983-11-01,2274029,2427,,1983-11-01,month
GenBank,20,1984-05-01,3002088,3665,,1984-05-01,month
GenBank,24,1984-09-01,3323270,4135,,1984-09-01,month
GenBank,25,1984-10-01,3368765,4175,,1984-10-01,month
GenBank,26,1984-11-01,3689752,4393,,1984-11-01,month
GenBank,32,1985-05-01,4211931,4954,,1985-05-01,month
GenBank,36,1985-09-01,5204420,5700,,1985-09-01,month
GenBank,40,1986-02-01,5925429,6642,,1986-02-01,month
GenBank,42,1986-05-01,6765476,7416,,1986-05-01,month
GenBank,44,1986-08-01,8442357,8823,,1986-08-01,month
GenBank,46,1986-11-01,9615371,9978,,1986-11-01,month
GenBank,48,1987-02-01,10961380,10913,,1987-02-01,month
GenBank,50,1987-05-01,13048473,12534,,1987-05-01,month
GenBank,52,1987-08-01,14855145,14020,,1987-08-01,month
GenBank,53,1987-09-01,15514776,14584,,1987-09-01,month
GenBank,54,1987-12-01,16752872,15465,,1987-12-01,month
GenBank,55,1988-03-01,19156002,17047,,1988-03-01,month
GenBank,56,1988-06-01,20795279,18226,,1988-06-01,month
GenBank,57,1988-09-01,22019698,19044,,1988-09-01,month
GenBank,57.1,1988-10-01,23800000,20579,,1988-10-01,month
GenBank,58,1988-12-01,24690876,21248,,1988-12-01,month
GenBank,59,1989-03-01,26382491,22479,,1989-03-01,month
GenBank,60,1989-06-01,31808784,26317,,1989-06-01,month
GenBank,61,1989-09-01,34762585,28791,,1989-09-01,month
GenBank,62,1989-12-01,37183950,31229,,1989-12-01,month
GenBank,63,1990-03-01,40127752,33377,,1990-03-01,month
GenBank,64,1990-06-01,42495893,35100,,1990-06-01,month
GenBank,65,1990-09-01,49179285,39533,,1990-09-01,month
GenBank,66,1990-12-01,51306092,41057,,1990-12-01,month
GenBank,67,1991-03-01,55169276,43903,,1991-03-01,month
GenBank,68,1991-06-01,65868799,51418,,1991-06-01,month
GenBank,69,1991-09-01,71947426,55627,,1991-09-01,month
GenBank,70,1991-12-01,77337678,58952,,1991-12-01,month
GenBank,71,1992-03-01,83894652,65100,,1992-03-01,month
GenBank,72,1992-06-01,92160761,71280,,1992-06-01,month
GenBank,73,1992-09-01,101008486,78608,,1992-09-01,month
GenBank,74,1992-12-01,120242234,97084,,1992-12-01,month
GenBank,75,1993-02-01,126212259,106684,,1993-02-01,month
GenBank,76,1993-04-01,129968355,111911,,1993-04-01,month
GenBank,77,1993-06-01,138904393,120134,,1993-06-01,month
GenBank,78,1993-08-01,147215633,131328,,1993-08-01,month
GenBank,79,1993-10-01,157152442,143492,,1993-10-01,month
GenBank,80,1993-12-01,163802597,150744,,1993-12-01,month
GenBank,81,1994-02-01,173261500,162946,,1994-02-01,month
GenBank,82,1994-04-01,180589455,169896,,1994-04-01,month
GenBank,83,1994-06-01,191393939,182753,,1994-06-01,month
GenBank,84,1994-08-01,201815802,196703,,1994-08-01,month
GenBank,85,1994-10-01,217102462,215273,,1994-10-01,month
GenBank,86,1994-12-01,230485928,237775,,1994-12-01,month
GenBank,87,1995-02-01,248499214,269478,,1995-02-01,month
GenBank,88,1995-04-01,286094556,352414,,1995-04-01,month
GenBank,89,1995-06-01,318624568,425211,,1995-06-01,month
GenBank,90,1995-08-01,353713490,492483,,1995-08-01,month
GenBank,91,1995-10-01,384939485,555694,,1995-10-01,month
GenBank,92,1995-12-01,425860958,620765,,1995-12-01,month
GenBank,93,1996-02-01,463758833,685693,,1996-02-01,month
GenBank,94,1996-04-01,499127741,744295,,1996-04-01,month
GenBank,95,1996-06-01,551750920,835487,,1996-06-01,month
GenBank,96,1996-08-01,602072354,920588,,1996-08-01,month
GenBank,97,1996-10-01,651972984,1021211,,1996-10-01,month
GenBank,98,1996-12-01,730552938,1114581,,1996-12-01,month
GenBank,99,1997-02-01,786898138,1192505,,1997-02-01,month
GenBank,100,1997-04-01,842864309,1274747,,1997-04-01,month
GenBank,101,1997-06-01,966993087,1491069,,1997-06-01,month
GenBank,102,1997-08-01,1053474516,1610848,,1997-08-01,month
GenBank,103,1997-10-01,1160300687,1765847,,1997-10-01,month
GenBank,104,1997-12-01,1258290513,1891953,,1997-12-01,month
GenBank,105,1998-02-01,1372368913,2042325,,1998-02-01,month
GenBank,106,1998-04-01,1502542306,2209232,,1998-04-01,month
GenBank,107,1998-06-01,1622041465,2355928,,1998-06-01,month
GenBank,108,1998-08-01,1797137713,2532359,,1998-08-01,month
GenBank,109,1998-10-01,2008761784,2837897,,1998-10-01,month
GenBank,110,1998-12-01,2162067871,3043729,,1998-12-01,month
GenBank,111,1999-04-01,2569578208,3525418,,1999-04-01,month
GenBank,112,1999-06-01,2974791993,4028171,,1999-06-01,month
GenBank,113,1999-08-01,3400237391,4610118,,1999-08-01,month
GenBank,114,1999-10-01,3841163011,4864570,,1999-10-01,month
GenBank,115,1999-12-01,4653932745,5354511,,1999-12-01,month
GenBank,116,2000-02-01,5805414935,5691170,,2000-02-01,month
GenBank,117,2000-04-01,7376080723,6215002,,2000-04-01,month
GenBank,118,2000-06-01,8604221980,7077491,,2000-06-01,month
GenBank,119,2000-08-01,9545724824,8214339,,2000-08-01,month
GenBank,120,2000-10-01,10335692655,9102634,,2000-10-01,month
GenBank,121,2000-12-01,11101066288,10106023,,2000-12-01,month
GenBank,122,2001-02-01,11720120326,10896781,,2001-02-01,month
GenBank,123,2001-04-01,12418544023,11545572,,2001-04-01,month
GenBank,124,2001-06-01,12973707065,12243766,,2001-06-01,month
GenBank,125,2001-08-01,13543364296,12813516,,2001-08-01,month
GenBank,126,2001-10-01,14396883064,13602262,,2001-10-01,month
GenBank,127,2001-12-01,15849921438,14976310,,2001-12-01,month
GenBank,128,2002-02-01,17089143893,15465325,,2002-02-01,month
GenBank,129,2002-04-01,19072679701,16769983,,2002-04-01,month
GenBank,130,2002-06-01,20648748345,17471130,,2002-06-01,month
GenBank,131,2002-08-01,22616937182,18197119,,2002-08-01,month
GenBank,132,2002-10-01,26525934656,19808101,,2002-10-01,month
GenBank,133,2002-12-01,28507990166,22318883,,2002-12-01,month
GenBank,134,2003-02-01,29358082791,23035823,,2003-02-01,month
GenBank,135,2003-04-01,31099264455,24027936,,2003-04-01,month
GenBank,136,2003-06-01,32528249295,25592865,,2003-06-01,month
GenBank,137,2003-08-01,33865022251,27213748,,2003-08-01,month
GenBank,138,2003-10-01,35599621471,29819397,,2003-10-01,month
GenBank,139,2003-12-01,36553368485,30968418,,2003-12-01,month
GenBank,140,2004-02-01,37893844733,32549400,,2004-02-01,month
GenBank,141,2004-04-01,38989342565,33676218,,2004-04-01,month
GenBank,142,2004-06-01,40325321348,35532003,,2004-06-01,month
GenBank,143,2004-08-01,41808045653,37343937,,2004-08-01,month
GenBank,144,2004-10-01,43194602655,38941263,,2004-10-01,month
GenBank,145,2004-12-01,44575745176,40604319,,2004-12-01,month
GenBank,146,2005-02-01,46849831226,42734478,,2005-02-01,month
GenBank,147,2005-04-01,48235738567,44202133,,2005-04-01,month
GenBank,148,2005-06-01,49398852122,45236251,,2005-06-01,month
GenBank,149,2005-08-01,51674486881,46947388,,2005-08-01,month
GenBank,150,2005-10-01,53655236500,49152445,,2005-10-01,month
GenBank,151,2005-12-01,56037734462,52016762,,2005-12-01,month
GenBank,152,2006-02-01,59750386305,54584635,,2006-02-01,month
GenBank,153,2006-04-01,61582143971,56620500,,2006-04-01,month
GenBank,154,2006-06-01,63412609711,58890345,,2006-06-01,month
GenBank,155,2006-08-01,65369091950,61132599,,2006-08-01,month
GenBank,156,2006-10-01,66925938907,62765195,,2006-10-01,month
GenBank,157,2006-12-01,69019290705,64893747,,2006-12-01,month
GenBank,158,2007-02-01,71292211453,67218344,,2007-02-01,month
GenBank,159,2007-04-01,75742041056,71802595,,2007-04-01,month
GenBank,160,2007-06-01,77248690945,73078143,,2007-06-01,month
GenBank,161,2007-08-01,79525559650,76146236,,2007-08-01,month
GenBank,162,2007-10-01,81563399765,77632813,,2007-10-01,month
GenBank,163,2007-12-01,83874179730,80388382,,2007-12-01,month
GenBank,164,2008-02-01,85759586764,82853685,,2008-02-01,month
GenBank,165,2008-04-01,89172350468,85500730,,2008-04-01,month
GenBank,166,2008-06-01,92008611867,88554578,,2008-06-01,month
GenBank,167,2008-08-01,95033791652,92748599,,2008-08-01,month
GenBank,168,2008-10-01,97381682336,96400790,,2008-10-01,month
GenBank,169,2008-12-01,99116431942,98868465,,2008-12-01,month
GenBank,170,2009-02-01,101467270308,101815678,,2009-02-01,month
GenBank,171,2009-04-01,102980268709,103335421,,2009-04-01,month
GenBank,172,2009-06-01,105277306080,106073709,,2009-06-01,month
GenBank,173,2009-08-01,106533156756,108431692,,2009-08-01,month
GenBank,174,2009-10-01,108560236506,110946879,,2009-10-01,month
GenBank,175,2009-12-01,110118557163,112910950,,2009-12-01,month
GenBank,176,2010-02-01,112326229652,116461672,,2010-02-01,month
GenBank,177,2010-04-01,114348888771,119112251,,2010-04-01,month
GenBank,178,2010-06-01,115624497715,120604423,,2010-06-01,month
GenBank,179,2010-08-01,117476523128,122941883,,2010-08-01,month
GenBank,180,2010-10-01,118551641086,125764384,,2010-10-01,month
GenBank,181,2010-12-01,122082812719,129902276,,2010-12-01,month
GenBank,182,2011-02-01,124277818310,132015054,,2011-02-01,month
GenBank,183,2011-04-01,126551501141,135440924,,2011-04-01,month
GenBank,184,2011-06-01,129178292958,140482268,,2011-06-01,month
GenBank,185,2011-08-01,130671233801,142284608,,2011-08-01,month
GenBank,186,2011-10-01,132067413372,144458648,,2011-10-01,month
GenBank,187,2011-12-01,135117731375,146413798,,2011-12-01,month
GenBank,188,2012-02-01,137384889783,149819246,,2012-02-01,month
GenBank,189,2012-04-01,139266481398,151824421,,2012-04-01,month
GenBank,190,2012-06-01,141343240755,154130210,,2012-06-01,month
GenBank,191,2012-08-01,143081765233,156424033,,2012-08-01,month
GenBank,192,2012-10-01,145430961262,157889737,,2012-10-01,month
GenBank,193,2012-12-01,148390863904,161140325,,2012-12-01,month
GenBank,194,2013-02-01,150141354858,162886727,,2013-02-01,month
GenBank,195,2013-04-01,151178979155,164136731,,2013-04-01,month
GenBank,196,2013-06-01,152599230112,165740164,,2013-06-01,month
GenBank,197,2013-08-01,154192921011,167295840,,2013-08-01,month
GenBank,198,2013-10-01,155176494699,168335396,,2013-10-01,month
GenBank,199,2013-12-01,156230531562,169331407,,2013-12-01,month
GenBank,200,2014-02-01,157943793171,171123749,,2014-02-01,month
GenBank,201,2014-04-01,159813411760,171744486,,2014-04-01,month
GenBank,202,2014-06-01,161822845643,173353076,,2014-06-01,month
GenBank,203,2014-08-01,165722980375,174108750,,2014-08-01,month
GenBank,204,2014-10-01,181563676918,178322253,,2014-10-01,month
GenBank,205,2014-12-01,184938063614,179295769,,2014-12-01,month
GenBank,206,2015-02-01,187893826750,181336445,,2015-02-01,month
GenBank,207,2015-04-01,189739230107,182188746,,2015-04-01,month
GenBank,208,2015-06-01,193921042946,185019352,,2015-06-01,month
GenBank,209,2015-08-01,199823644287,187066846,,2015-08-01,month
GenBank,210,2015-10-01,202237081559,188372017,,2015-10-01,month
GenBank,211,2015-12-01,203939111071,189232925,,2015-12-01,month
GenBank,212,2016-02-01,207018196067,190250235,,2016-02-01,month
GenBank,213,2016-04-01,211423912047,193739511,,2016-04-01,month
GenBank,214,2016-06-01,213200907819,194463572,,2016-06-01,month
GenBank,215,2016-08-01,217971437647,196120831,,2016-08-01,month
GenBank,216,2016-10-01,220731315250,197390691,,2016-10-01,month
GenBank,217,2016-12-01,224973060433,198565475,,2016-12-01,month
GenBank,218,2017-02-01,228719437638,199341377,,2017-02-01,month
GenBank,219,2017-04-01,231824951552,200877884,,2017-04-01,month
GenBank,220,2017-06-01,234997362623,201663568,,2017-06-01,month
GenBank,221,2017-08-01,240343378258,203180606,,2017-08-01,month
GenBank,222,2017-10-01,244914705468,203953682,,2017-10-01,month
GenBank,223,2017-12-01,249722163594,206293625,,2017-12-01,month
GenBank,224,2018-02-01,253630708098,207040555,,2018-02-01,month
GenBank,225,2018-04-01,260189141631,208452303,,2018-04-01,month
GenBank,226,2018-06-01,263957884539,209775348,,2018-06-01,month
GenBank,227,2018-08-01,260806936411,208831050,(Section 1.3.1 of GB 227.0 release notes explains decrease),2018-08-01,month
GenBank,228,2018-10-01,279668290132,209656636,,2018-10-01,month
GenBank,229,2018-12-01,285688542186,211281415,,2018-12-01,month
GenBank,230,2019-02-01,303709510632,212260377,,2019-02-01,month
GenBank,231,2019-04-01,321680566570,212775414,,2019-04-01,month
GenBank,232,2019-06-01,329835282370,213383758,,2019-06-01,month
GenBank,233,2019-08-01,366733917629,213865349,,2019-08-01,month
GenBank,234,2019-10-01,386197018538,216763706,,2019-10-01,month
GenBank,235,2019-12-01,388417258009,215333020,(Section 1.3.2 of GB 235.0 release notes explains decrease),2019-12-01,month
GenBank,236,2020-02-01,399376854872,216214215,,2020-02-01,month
GenBank,237,2020-04-01,415770027949,216531829,,2020-04-01,month
GenBank,238,2020-06-01,427823258901,217122233,,2020-06-01,month
GenBank,239,2020-08-01,654057069549,218642238,,2020-08-01,month
GenBank,240,2020-10-01,698688094046,219055207,,2020-10-01,month
GenBank,241,2020-12-01,723003822007,221467827,,2020-12-01,month
GenBank,242,2021-02-01,776291211106,226241476,,2021-02-01,month
GenBank,243,2021-04-01,832400799511,227123201,,2021-04-01,month
GenBank,244,2021-06-01,866009790959,227888889,,2021-06-01,month
GenBank,245,2021-08-01,940513260726,231982592,,2021-08-01,month
GenBank,246,2021-10-01,1014763752113,233642893,,2021-10-01,month
GenBank,247,2021-12-01,1053275115030,234557297,,2021-12-01,month
GenBank,248,2022-02-01,1173984081721,236338284,,2022-02-01,month
GenBank,249,2022-04-01,1266154890918,237520318,,2022-04-01,month
GenBank,250,2022-06-01,1395628631187,239017893,,2022-06-01,month
GenBank,251,2022-08-01,1492800704497,239915786,,2022-08-01,month
GenBank,252,2022-10-01,1562963366851,240539282,,2022-10-01,month
GenBank,253,2022-12-01,1635594138493,241015745,,2022-12-01,month
GenBank,254,2023-02-01,1731302248418,241830635,,2023-02-01,month
GenBank,255,2023-04-01,1826746318813,242554936,,2023-04-01,month
GenBank,256,2023-06-01,1966479976146,243560863,,2023-06-01,month
GenBank,257,2023-08-01,2112058517945,246119175,,2023-08-01,month
GenBank,258,2023-10-01,2433391164875,247777761,,2023-10-01,month
GenBank,259,2023-12-01,2570711588044,249060436,,2023-12-01,month
GenBank,,2024-02-01,,,No GenBank Release delivered in Feb 2024,2024-02-01,month
GenBank,260,2024-04-01,3213818003787,250803006,,2024-04-01,month
GenBank,261,2024-06-01,3387240663231,251094334,,2024-06-01,month
GenBank,262,2024-08-01,3675462701077,251998350,,2024-08-01,month
GenBank,263,2024-10-01,4250942573681,252347664,,2024-10-01,month
GenBank,264,2024-12-01,5085904976338,254365075,,2024-12-01,month
GenBank,265,2025-02-01,5415448651743,255669865,,2025-02-01,month
GenBank,266,2025-04-01,5794509308815,257038531,,2025-04-01,month
GenBank,267,2025-06-01,5234752089196,258002002,(Section 1.3.1 of GB 267.0 release notes explains decrease),2025-06-01,month
GenBank,268,2025-08-01,5676067778413,258320620,,2025-08-01,month
GenBank,269,2025-12-01,6651459875408,259677058,,2025-12-01,month
GenBank,270,2026-02-01,7010340901567,260943419,,2026-02-01,month
GenBank,271,2026-04-01,7289942983522,261460182,,2026-04-01,month
GenBank,272,2026-06-01,7618210921117,264214354,,2026-06-01,month
GenBank,273,2026-08-01,8236878868450,267383895,,2026-08-01,month
TLS,217,2016-12-01,584697919,1268690,,2016-12-01,month
TLS,218,2017-02-01,636923295,1438349,,2017-02-01,month
TLS,219,2017-04-01,636923295,1438349,(unchanged),2017-04-01,month
TLS,220,2017-06-01,824191338,1628475,,2017-06-01,month
TLS,221,2017-08-01,824191338,1628475,(unchanged),2017-08-01,month
TLS,222,2017-10-01,2993818315,9479460,,2017-10-01,month
TLS,223,2017-12-01,4458042616,12695198,,2017-12-01,month
TLS,224,2018-02-01,4531966831,12819978,,2018-02-01,month
TLS,225,2018-04-01,5612769448,14782654,,2018-04-01,month
TLS,226,2018-06-01,5896511468,15393041,,2018-06-01,month
TLS,227,2018-08-01,6077824493,15822538,,2018-08-01,month
TLS,228,2018-10-01,8435112913,20752288,,2018-10-01,month
TLS,229,2018-12-01,8511829281,20924588,,2018-12-01,month
TLS,230,2019-02-01,9146836085,23259929,,2019-02-01,month
TLS,231,2019-04-01,9623321565,24240761,,2019-04-01,month
TLS,232,2019-06-01,10182427815,25530139,,2019-06-01,month
TLS,233,2019-08-01,10531800829,26363945,,2019-08-01,month
TLS,234,2019-10-01,10848455369,27460978,,2019-10-01,month
TLS,235,2019-12-01,11280596614,28227180,,2019-12-01,month
TLS,236,2020-02-01,13669678196,34037371,,2020-02-01,month
TLS,237,2020-04-01,24615270313,65521132,,2020-04-01,month
TLS,238,2020-06-01,27500635128,75063181,,2020-06-01,month
TLS,239,2020-08-01,27825059498,75682157,,2020-08-01,month
TLS,240,2020-10-01,28814798868,78177358,,2020-10-01,month
TLS,241,2020-12-01,33036509446,88039152,,2020-12-01,month
TLS,242,2021-02-01,33634122995,90130561,,2021-02-01,month
TLS,243,2021-04-01,37998534461,102395753,,2021-04-01,month
TLS,244,2021-06-01,38198113354,102662929,,2021-06-01,month
TLS,245,2021-08-01,39930167315,106995218,,2021-08-01,month
TLS,246,2021-10-01,40168874815,107569935,,2021-10-01,month
TLS,247,2021-12-01,41143480750,109379021,,2021-12-01,month
TLS,248,2022-02-01,41321107981,109809966,,2022-02-01,month
TLS,249,2022-04-01,41324192343,109820387,,2022-04-01,month
TLS,250,2022-06-01,41999358847,111142107,,2022-06-01,month
TLS,251,2022-08-01,43852280645,115103527,,2022-08-01,month
TLS,252,2022-10-01,43860512749,115123306,,2022-10-01,month
TLS,253,2022-12-01,44009657455,115552377,,2022-12-01,month
TLS,254,2023-02-01,46465508548,121067644,,2023-02-01,month
TLS,255,2023-04-01,46567924833,121186672,,2023-04-01,month
TLS,256,2023-06-01,47302831210,122798571,,2023-06-01,month
TLS,257,2023-08-01,48289699026,124421006,,2023-08-01,month
TLS,258,2023-10-01,50868407906,130654568,,2023-10-01,month
TLS,259,2023-12-01,51568356978,132355132,,2023-12-01,month
TLS,,2024-02-01,,,No GenBank Release delivered in Feb 2024,2024-02-01,month
TLS,260,2024-04-01,53492243256,135115766,,2024-04-01,month
TLS,261,2024-06-01,54512778803,135446337,,2024-06-01,month
TLS,262,2024-08-01,77026446552,187321998,Spike caused by restoration of stats for the Aug 2021 KEQH TLS project : 48-mln records,2024-08-01,month
TLS,263,2024-10-01,77037504468,187349395,,2024-10-01,month
TLS,264,2024-12-01,77038271475,187349466,,2024-12-01,month
TLS,265,2025-02-01,78062322564,189703939,,2025-02-01,month
TLS,266,2025-04-01,78390585331,190122348,,2025-04-01,month
TLS,267,2025-06-01,78505522921,190342492,,2025-06-01,month
TLS,268,2025-08-01,78568415110,190505830,,2025-08-01,month
TLS,269,2025-12-01,78916795339,190904203,,2025-12-01,month
TLS,270,2026-02-01,79162820303,191365090,,2026-02-01,month
TLS,271,2026-04-01,79162820303,191365090,(unchanged),2026-04-01,month
TLS,272,2026-06-01,79604775262,192425204,date corrected 2026-04-01 -> 2026-06-01 (release 272 in the GenBank table),2026-04-01,month
TLS,273,2026-08-01,80213567020,193606949,,2026-08-01,month
TSA,201,2014-04-01,23632325832,29734989,,2014-04-01,month
TSA,202,2014-06-01,31707343431,38011942,,2014-06-01,month
TSA,203,2014-08-01,33676182560,40556905,,2014-08-01,month
TSA,204,2014-10-01,36279458440,43567759,,2014-10-01,month
TSA,205,2014-12-01,46056420903,62635617,,2014-12-01,month
TSA,206,2015-02-01,49765340047,66706014,,2015-02-01,month
TSA,207,2015-04-01,55796332435,71989588,,2015-04-01,month
TSA,208,2015-06-01,60697472570,76974601,,2015-06-01,month
TSA,209,2015-08-01,69360654413,87827013,,2015-08-01,month
TSA,210,2015-10-01,70917172944,81790031,,2015-10-01,month
TSA,211,2015-12-01,77583339176,87488539,,2015-12-01,month
TSA,212,2016-02-01,81932555094,92132318,,2016-02-01,month
TSA,213,2016-04-01,87811163676,98147566,,2016-04-01,month
TSA,214,2016-06-01,94413958919,104677061,,2016-06-01,month
TSA,215,2016-08-01,103399742586,113179607,,2016-08-01,month
TSA,216,2016-10-01,113209225762,124199597,,2016-10-01,month
TSA,217,2016-12-01,125328824508,142094337,,2016-12-01,month
TSA,218,2017-02-01,133517212104,151431485,,2017-02-01,month
TSA,219,2017-04-01,149038907599,165068542,,2017-04-01,month
TSA,220,2017-06-01,158112969073,176812130,,2017-06-01,month
TSA,221,2017-08-01,167045663417,186777106,,2017-08-01,month
TSA,222,2017-10-01,172909268535,192754804,,2017-10-01,month
TSA,223,2017-12-01,181394660188,201559502,,2017-12-01,month
TSA,224,2018-02-01,193940551226,214324264,,2018-02-01,month
TSA,225,2018-04-01,205232396043,227364990,,2018-04-01,month
TSA,226,2018-06-01,216556686631,238788334,,2018-06-01,month
TSA,227,2018-08-01,225520004678,249295386,,2018-08-01,month
TSA,228,2018-10-01,235875573598,259927414,,2018-10-01,month
TSA,229,2018-12-01,248592892188,274845473,,2018-12-01,month
TSA,230,2019-02-01,263936885705,294772430,,2019-02-01,month
TSA,231,2019-04-01,277118019688,311247136,,2019-04-01,month
TSA,232,2019-06-01,285390240861,319927264,,2019-06-01,month
TSA,233,2019-08-01,294727165179,331347807,,2019-08-01,month
TSA,234,2019-10-01,305371891408,342811151,,2019-10-01,month
TSA,235,2019-12-01,325433016129,367193844,,2019-12-01,month
TSA,236,2020-02-01,340994289065,386644871,,2020-02-01,month
TSA,237,2020-04-01,349692751528,396392280,,2020-04-01,month
TSA,238,2020-06-01,359947709062,409725050,,2020-06-01,month
TSA,239,2020-08-01,366968951160,417524567,,2020-08-01,month
TSA,240,2020-10-01,382996662270,435968379,,2020-10-01,month
TSA,241,2020-12-01,392206975386,446397378,,2020-12-01,month
TSA,242,2021-02-01,407605409948,463151000,,2021-02-01,month
TSA,243,2021-04-01,425076483459,481154920,,2021-04-01,month
TSA,244,2021-06-01,436594941165,494641358,,2021-06-01,month
TSA,245,2021-08-01,440578422611,498305045,,2021-08-01,month
TSA,246,2021-10-01,449891016597,508319391,,2021-10-01,month
TSA,247,2021-12-01,455870853358,514158576,,2021-12-01,month
TSA,248,2022-02-01,465013156502,524464601,,2022-02-01,month
TSA,249,2022-04-01,474421076448,534770586,,2022-04-01,month
TSA,250,2022-06-01,485056129761,546991572,,2022-06-01,month
TSA,251,2022-08-01,497501380386,560196830,,2022-08-01,month
TSA,252,2022-10-01,511476787957,574020080,,2022-10-01,month
TSA,253,2022-12-01,611850391049,649918843,,2022-12-01,month
TSA,254,2023-02-01,630615054587,672261981,,2023-02-01,month
TSA,255,2023-04-01,636291358227,678332682,,2023-04-01,month
TSA,256,2023-06-01,643127590034,683922756,,2023-06-01,month
TSA,257,2023-08-01,646176166908,686271945,,2023-08-01,month
TSA,258,2023-10-01,659924904311,701336089,,2023-10-01,month
TSA,259,2023-12-01,668807109326,715803123,,2023-12-01,month
TSA,,2024-02-01,,,No GenBank Release delivered in Feb 2024,2024-02-01,month
TSA,260,2024-04-01,689648317082,741066498,,2024-04-01,month
TSA,261,2024-06-01,695405769319,746753803,,2024-06-01,month
TSA,262,2024-08-01,706085554263,755907377,,2024-08-01,month
TSA,263,2024-10-01,812661461811,948733596,,2024-10-01,month
TSA,264,2024-12-01,820128973511,957403887,,2024-12-01,month
TSA,265,2025-02-01,824439978941,961491801,,2025-02-01,month
TSA,266,2025-04-01,852869986922,996759705,,2025-04-01,month
TSA,267,2025-06-01,859712036434,1006416037,,2025-06-01,month
TSA,268,2025-08-01,864483775194,1010159820,,2025-08-01,month
TSA,269,2025-12-01,878730431459,1033885396,,2025-12-01,month
TSA,270,2026-02-01,889101948297,1046996602,,2026-02-01,month
TSA,271,2026-04-01,898651493967,1058643373,,2026-04-01,month
TSA,272,2026-06-01,911401958809,1068667478,date corrected 2026-04-01 -> 2026-06-01 (release 272 in the GenBank table),2026-04-01,month
TSA,273,2026-08-01,923937913366,1082802170,,2026-08-01,month
WGS,129,2002-04-01,692266338,172768,,2002-04-01,month
WGS,130,2002-06-01,3267608441,397502,,2002-06-01,month
WGS,131,2002-08-01,3848375582,427771,,2002-08-01,month
WGS,132,2002-10-01,3892435593,434224,,2002-10-01,month
WGS,133,2002-12-01,6702372564,597042,,2002-12-01,month
WGS,134,2003-02-01,6705740844,597345,,2003-02-01,month
WGS,135,2003-04-01,6897080355,596818,,2003-04-01,month
WGS,136,2003-06-01,6992663962,607155,,2003-06-01,month
WGS,137,2003-08-01,7144761762,593801,,2003-08-01,month
WGS,138,2003-10-01,8662242833,1683437,,2003-10-01,month
WGS,139,2003-12-01,14523454868,2547094,,2003-12-01,month
WGS,140,2004-02-01,22804145885,3188754,,2004-02-01,month
WGS,141,2004-04-01,24758556215,4112532,,2004-04-01,month
WGS,142,2004-06-01,25592758366,4353890,,2004-06-01,month
WGS,143,2004-08-01,28128611847,4427773,,2004-08-01,month
WGS,144,2004-10-01,30871590379,5285276,,2004-10-01,month
WGS,145,2004-12-01,35009256228,5410415,,2004-12-01,month
WGS,146,2005-02-01,38076300084,6111782,,2005-02-01,month
WGS,147,2005-04-01,39523208346,6685746,,2005-04-01,month
WGS,148,2005-06-01,46767232565,8711924,,2005-06-01,month
WGS,149,2005-08-01,53346605784,10276161,,2005-08-01,month
WGS,150,2005-10-01,56162807647,11169448,,2005-10-01,month
WGS,151,2005-12-01,59638900034,12088491,,2005-12-01,month
WGS,152,2006-02-01,63183065091,12465546,,2006-02-01,month
WGS,153,2006-04-01,67488612571,13573144,,2006-04-01,month
WGS,154,2006-06-01,78858635822,17733973,,2006-06-01,month
WGS,155,2006-08-01,80369977826,17960667,,2006-08-01,month
WGS,156,2006-10-01,81127502509,18500772,,2006-10-01,month
WGS,157,2006-12-01,81611376856,18540918,,2006-12-01,month
WGS,158,2007-02-01,86043478524,19421576,,2007-02-01,month
WGS,159,2007-04-01,93022691867,23446831,,2007-04-01,month
WGS,160,2007-06-01,97102606459,23718400,,2007-06-01,month
WGS,161,2007-08-01,101964323738,25384475,,2007-08-01,month
WGS,162,2007-10-01,102003045298,25354041,,2007-10-01,month
WGS,163,2007-12-01,106505691578,26177471,,2007-12-01,month
WGS,164,2008-02-01,108635736141,27439206,,2008-02-01,month
WGS,165,2008-04-01,110500961400,26931049,,2008-04-01,month
WGS,166,2008-06-01,113639291344,39163548,,2008-06-01,month
WGS,167,2008-08-01,118593509342,40214247,,2008-08-01,month
WGS,168,2008-10-01,136085973423,46108952,,2008-10-01,month
WGS,169,2008-12-01,141374971004,48394838,,2008-12-01,month
WGS,170,2009-02-01,143797800446,49036947,,2009-02-01,month
WGS,171,2009-04-01,144522542010,48948309,,2009-04-01,month
WGS,172,2009-06-01,145959997864,49063546,,2009-06-01,month
WGS,173,2009-08-01,148165117763,48443067,,2009-08-01,month
WGS,174,2009-10-01,149348923035,48119301,,2009-10-01,month
WGS,175,2009-12-01,158317168385,54076973,,2009-12-01,month
WGS,176,2010-02-01,163991858015,57134273,,2010-02-01,month
WGS,177,2010-04-01,165536009514,58361599,,2010-04-01,month
WGS,178,2010-06-01,167725292032,58592700,,2010-06-01,month
WGS,179,2010-08-01,169253846128,58994334,,2010-08-01,month
WGS,180,2010-10-01,175339059129,59397637,,2010-10-01,month
WGS,181,2010-12-01,177385297156,59608311,,2010-12-01,month
WGS,182,2011-02-01,190034462797,62349795,,2011-02-01,month
WGS,183,2011-04-01,191401393188,62715288,,2011-04-01,month
WGS,184,2011-06-01,200487078184,63735078,,2011-06-01,month
WGS,185,2011-08-01,208315831132,64997137,,2011-08-01,month
WGS,186,2011-10-01,218666368056,68330215,,2011-10-01,month
WGS,187,2011-12-01,239868309609,73729553,,2011-12-01,month
WGS,188,2012-02-01,261370512675,78656704,,2012-02-01,month
WGS,189,2012-04-01,272693351548,80905298,,2012-04-01,month
WGS,190,2012-06-01,287577367116,82076779,,2012-06-01,month
WGS,191,2012-08-01,308196411905,84020064,,2012-08-01,month
WGS,192,2012-10-01,333881846451,86480509,,2012-10-01,month
WGS,193,2012-12-01,356002922838,92767765,,2012-12-01,month
WGS,194,2013-02-01,390900990416,103101291,,2013-02-01,month
WGS,195,2013-04-01,418026593606,110509314,,2013-04-01,month
WGS,196,2013-06-01,453829752320,112488036,,2013-06-01,month
WGS,197,2013-08-01,500420412665,124812020,,2013-08-01,month
WGS,198,2013-10-01,535842167741,130203205,,2013-10-01,month
WGS,199,2013-12-01,556764321498,133818570,,2013-12-01,month
WGS,200,2014-02-01,591378698544,139725795,,2014-02-01,month
WGS,201,2014-04-01,621015432437,143446790,,2014-04-01,month
WGS,202,2014-06-01,719581958743,175779064,,2014-06-01,month
WGS,203,2014-08-01,774052098731,189080419,,2014-08-01,month
WGS,204,2014-10-01,805549167708,196049974,,2014-10-01,month
WGS,205,2014-12-01,848977922022,200301550,,2014-12-01,month
WGS,206,2015-02-01,873281414087,205465046,,2015-02-01,month
WGS,207,2015-04-01,969102906813,243779199,,2015-04-01,month
WGS,208,2015-06-01,1038937210221,258702138,,2015-06-01,month
WGS,209,2015-08-01,1163275601001,302955543,,2015-08-01,month
WGS,210,2015-10-01,1222635267498,309198943,,2015-10-01,month
WGS,211,2015-12-01,1297865618365,317122157,,2015-12-01,month
WGS,212,2016-02-01,1399865495608,333012760,,2016-02-01,month
WGS,213,2016-04-01,1452207704949,338922537,,2016-04-01,month
WGS,214,2016-06-01,1556175944648,350278081,,2016-06-01,month
WGS,215,2016-08-01,1637224970324,359796497,,2016-08-01,month
WGS,216,2016-10-01,1676238489250,363213315,,2016-10-01,month
WGS,217,2016-12-01,1817189565845,395301176,,2016-12-01,month
WGS,218,2017-02-01,1892966308635,409490397,,2017-02-01,month
WGS,219,2017-04-01,2035032639807,451840147,,2017-04-01,month
WGS,220,2017-06-01,2164683993369,487891767,,2017-06-01,month
WGS,221,2017-08-01,2242294609510,499965722,,2017-08-01,month
WGS,222,2017-10-01,2318156361999,508825331,,2017-10-01,month
WGS,223,2017-12-01,2466098053327,551063065,,2017-12-01,month
WGS,224,2018-02-01,2608532210351,564286852,,2018-02-01,month
WGS,225,2018-04-01,2784740996536,621379029,,2018-04-01,month
WGS,226,2018-06-01,2944617324086,639804105,,2018-06-01,month
WGS,227,2018-08-01,3204855013281,665309765,,2018-08-01,month
WGS,228,2018-10-01,3444172142207,722438528,,2018-10-01,month
WGS,229,2018-12-01,3656719423096,773773190,,2018-12-01,month
WGS,230,2019-02-01,4164513961679,945019312,,2019-02-01,month
WGS,231,2019-04-01,4421986382065,993732214,,2019-04-01,month
WGS,232,2019-06-01,4847677297950,1022913321,,2019-06-01,month
WGS,233,2019-08-01,5585922333160,1075272215,,2019-08-01,month
WGS,234,2019-10-01,5985250251028,1097629174,,2019-10-01,month
WGS,235,2019-12-01,6277551200690,1127023870,,2019-12-01,month
WGS,236,2020-02-01,6968991265752,1206720688,,2020-02-01,month
WGS,237,2020-04-01,7788133221338,1267547429,,2020-04-01,month
WGS,238,2020-06-01,8114046262158,1302852615,,2020-06-01,month
WGS,239,2020-08-01,8841649410652,1408122887,,2020-08-01,month
WGS,240,2020-10-01,9215815569509,1432874252,,2020-10-01,month
WGS,241,2020-12-01,11830842428018,1517995689,,2020-12-01,month
WGS,242,2021-02-01,12270717209612,1563938043,,2021-02-01,month
WGS,243,2021-04-01,12732048052023,1590670459,,2021-04-01,month
WGS,244,2021-06-01,13442974346437,1632796606,,2021-06-01,month
WGS,245,2021-08-01,13888187863722,1653427055,,2021-08-01,month
WGS,246,2021-10-01,14599101574547,1721064101,,2021-10-01,month
WGS,247,2021-12-01,14922033922302,1734664952,,2021-12-01,month
WGS,248,2022-02-01,15428122140820,1750505007,,2022-02-01,month
WGS,249,2022-04-01,16071520702170,1781374217,,2022-04-01,month
WGS,250,2022-06-01,16710373006600,1796349114,,2022-06-01,month
WGS,251,2022-08-01,17511809676629,2024099677,,2022-08-01,month
WGS,252,2022-10-01,18231960808828,2167900306,,2022-10-01,month
WGS,253,2022-12-01,19086596616569,2241439349,,2022-12-01,month
WGS,254,2023-02-01,20116642176263,2337838461,,2023-02-01,month
WGS,255,2023-04-01,20926504760221,2440470464,,2023-04-01,month
WGS,256,2023-06-01,21791125594114,2611654455,,2023-06-01,month
WGS,257,2023-08-01,22294446104543,2631493489,,2023-08-01,month
WGS,258,2023-10-01,23600199887231,2775205599,,2023-10-01,month
WGS,259,2023-12-01,24651580464335,2863228552,,2023-12-01,month
WGS,,2024-02-01,,,No GenBank Release delivered in Feb 2024,2024-02-01,month
WGS,260,2024-04-01,27225116587937,3333621823,,2024-04-01,month
WGS,261,2024-06-01,27900199328333,3380877515,,2024-06-01,month
WGS,262,2024-08-01,29643594176326,3569715357,,2024-08-01,month
WGS,263,2024-10-01,31362454467668,3745772758,,2024-10-01,month
WGS,264,2024-12-01,32983029087303,3957195833,,2024-12-01,month
WGS,265,2025-02-01,35643977584264,4152691448,,2025-02-01,month
WGS,266,2025-04-01,37294058110495,4234652334,,2025-04-01,month
WGS,267,2025-06-01,38384788365670,4294972923,,2025-06-01,month
WGS,268,2025-08-01,40390433406298,4441331387,,2025-08-01,month
WGS,269,2025-12-01,42125323988215,4540323299,,2025-12-01,month
WGS,270,2026-02-01,43580847616334,4620211924,,2026-02-01,month
WGS,271,2026-04-01,45628511953497,4756526485,,2026-04-01,month
WGS,272,2026-06-01,49077283722255,4994330522,,2026-06-01,month
WGS,273,2026-08-01,50829714144609,5132699813,,2026-08-01,month
